WEO Country Code,ISO,WEO Subject Code,Country,Subject Descriptor,Subject Notes,Units,Scale,Country/Series-specific Notes,1980,1981,1982,1983,1984,1985,1986,1987,1988,1989,1990,1991,1992,1993,1994,1995,1996,1997,1998,1999,2000,2001,2002,2003,2004,2005,2006,2007,2008,2009,2010,2011,2012,2013,2014,2015,2016,2017,2018,2019,2020,2021,Estimates Start After
512,AFG,NGDPD,Afghanistan,"Gross domestic product, current prices","Values are based upon GDP in national currency converted to U.S. dollars using market exchange rates (yearly average). Exchange rate projections are provided by country economists for the group of other emerging market and developing countries. Exchanges rates for advanced economies are established in the WEO assumptions for each WEO exercise. Expenditure-based GDP is total final expenditures at purchasers? prices (including the f.o.b. value of exports of goods and services), less the f.o.b. value of imports of goods and services. [SNA 1993]",U.S. dollars,Billions,"See notes for:  Gross domestic product, current prices (National currency).",n/a,n/a,n/a,n/a,n/a,n/a,n/a,n/a,n/a,n/a,n/a,n/a,n/a,n/a,n/a,n/a,n/a,n/a,n/a,n/a,n/a,n/a,4.367,4.514,5.146,6.167,6.925,8.556,10.297,12.066,15.325,17.89,20.296,20.17,20.352,19.687,18.395,19.29,20.604,22.297,24.222,26.392,2014
914,ALB,NGDPD,Albania,"Gross domestic product, current prices","Values are based upon GDP in national currency converted to U.S. dollars using market exchange rates (yearly average). Exchange rate projections are provided by country economists for the group of other emerging market and developing countries. Exchanges rates for advanced economies are established in the WEO assumptions for each WEO exercise. Expenditure-based GDP is total final expenditures at purchasers? prices (including the f.o.b. value of exports of goods and services), less the f.o.b. value of imports of goods and services. [SNA 1993]",U.S. dollars,Billions,"See notes for:  Gross domestic product, current prices (National currency).",1.946,2.229,2.296,2.319,2.29,2.339,2.587,2.566,2.53,2.779,2.221,1.333,0.843,1.461,2.361,2.882,3.2,2.259,2.56,3.209,3.483,3.928,4.348,5.611,7.185,8.052,8.905,10.675,12.901,12.093,11.938,12.896,12.323,12.784,13.238,11.401,12.144,12.876,13.764,14.813,15.997,17.131,2014
612,DZA,NGDPD,Algeria,"Gross domestic product, current prices","Values are based upon GDP in national currency converted to U.S. dollars using market exchange rates (yearly average). Exchange rate projections are provided by country economists for the group of other emerging market and developing countries. Exchanges rates for advanced economies are established in the WEO assumptions for each WEO exercise. Expenditure-based GDP is total final expenditures at purchasers? prices (including the f.o.b. value of exports of goods and services), less the f.o.b. value of imports of goods and services. [SNA 1993]",U.S. dollars,Billions,"See notes for:  Gross domestic product, current prices (National currency).",42.346,44.372,44.78,47.529,51.513,61.132,61.535,63.3,51.664,52.558,61.892,46.67,49.217,50.963,42.426,42.066,46.941,48.178,48.188,48.845,54.749,54.745,56.761,67.864,85.327,103.198,117.027,134.977,171.001,137.054,161.207,199.394,209.005,209.703,213.518,166.838,168.318,178.431,184.189,189.297,195.367,201.959,2015
614,AGO,NGDPD,Angola,"Gross domestic product, current prices","Values are based upon GDP in national currency converted to U.S. dollars using market exchange rates (yearly average). Exchange rate projections are provided by country economists for the group of other emerging market and developing countries. Exchanges rates for advanced economies are established in the WEO assumptions for each WEO exercise. Expenditure-based GDP is total final expenditures at purchasers? prices (including the f.o.b. value of exports of goods and services), less the f.o.b. value of imports of goods and services. [SNA 1993]",U.S. dollars,Billions,"See notes for:  Gross domestic product, current prices (National currency).",5.934,5.554,5.554,5.788,6.135,7.559,7.077,8.089,8.775,10.208,11.236,10.891,8.398,6.095,4.438,5.539,6.535,7.675,6.506,6.153,9.13,8.936,12.497,14.189,19.641,28.234,41.789,60.449,84.178,75.492,82.471,104.116,115.342,124.912,126.777,102.962,91.939,102.315,108.588,114.449,120.822,127.68,2015
311,ATG,NGDPD,Antigua and Barbuda,"Gross domestic product, current prices","Values are based upon GDP in national currency converted to U.S. dollars using market exchange rates (yearly average). Exchange rate projections are provided by country economists for the group of other emerging market and developing countries. Exchanges rates for advanced economies are established in the WEO assumptions for each WEO exercise. Expenditure-based GDP is total final expenditures at purchasers? prices (including the f.o.b. value of exports of goods and services), less the f.o.b. value of imports of goods and services. [SNA 1993]",U.S. dollars,Billions,"See notes for:  Gross domestic product, current prices (National currency).",0.131,0.148,0.164,0.182,0.208,0.241,0.29,0.337,0.399,0.439,0.459,0.482,0.499,0.535,0.589,0.577,0.634,0.681,0.728,0.766,0.784,0.774,0.803,0.84,0.898,0.997,1.135,1.289,1.347,1.206,1.136,1.13,1.205,1.201,1.221,1.259,1.303,1.358,1.429,1.505,1.585,1.669,2014
213,ARG,NGDPD,Argentina,"Gross domestic product, current prices","Values are based upon GDP in national currency converted to U.S. dollars using market exchange rates (yearly average). Exchange rate projections are provided by country economists for the group of other emerging market and developing countries. Exchanges rates for advanced economies are established in the WEO assumptions for each WEO exercise. Expenditure-based GDP is total final expenditures at purchasers? prices (including the f.o.b. value of exports of goods and services), less the f.o.b. value of imports of goods and services. [SNA 1993]",U.S. dollars,Billions,"See notes for:  Gross domestic product, current prices (National currency).",226.569,184.014,91.376,112.721,126.563,95.593,114.949,117.854,138.044,88.567,153.205,205.515,247.987,256.365,279.15,280.08,295.12,317.549,324.242,307.673,308.491,291.738,108.731,138.151,164.922,199.273,232.892,287.92,363.545,334.633,424.728,527.644,579.666,611.471,563.614,630.448,541.748,594.975,651.335,709.466,773.445,840.698,2014
911,ARM,NGDPD,Armenia,"Gross domestic product, current prices","Values are based upon GDP in national currency converted to U.S. dollars using market exchange rates (yearly average). Exchange rate projections are provided by country economists for the group of other emerging market and developing countries. Exchanges rates for advanced economies are established in the WEO assumptions for each WEO exercise. Expenditure-based GDP is total final expenditures at purchasers? prices (including the f.o.b. value of exports of goods and services), less the f.o.b. value of imports of goods and services. [SNA 1993]",U.S. dollars,Billions,"See notes for:  Gross domestic product, current prices (National currency).",n/a,n/a,n/a,n/a,n/a,n/a,n/a,n/a,n/a,n/a,n/a,n/a,0.108,0.835,0.648,1.287,1.597,1.639,1.892,1.845,1.912,2.118,2.376,2.807,3.577,4.9,6.384,9.206,11.662,8.648,9.26,10.142,10.619,11.121,11.61,10.529,10.754,11.159,11.799,12.512,13.254,14.056,2015
193,AUS,NGDPD,Australia,"Gross domestic product, current prices","Values are based upon GDP in national currency converted to U.S. dollars using market exchange rates (yearly average). Exchange rate projections are provided by country economists for the group of other emerging market and developing countries. Exchanges rates for advanced economies are established in the WEO assumptions for each WEO exercise. Expenditure-based GDP is total final expenditures at purchasers? prices (including the f.o.b. value of exports of goods and services), less the f.o.b. value of imports of goods and services. [SNA 1993]",U.S. dollars,Billions,"See notes for:  Gross domestic product, current prices (National currency).",162.834,188.306,186.945,179.378,197.027,174.288,181.377,212.982,270.981,307.729,323.238,324.013,317.717,309.217,352.701,379.367,425.128,426.116,380.576,411.387,398.789,376.499,424.04,539.81,656.75,734.133,781.158,948.403,"1,056.39",996.728,"1,248.98","1,503.67","1,559.28","1,505.76","1,444.38","1,225.29","1,256.64","1,343.61","1,413.81","1,493.88","1,574.19","1,640.03",2015
122,AUT,NGDPD,Austria,"Gross domestic product, current prices","Values are based upon GDP in national currency converted to U.S. dollars using market exchange rates (yearly average). Exchange rate projections are provided by country economists for the group of other emerging market and developing countries. Exchanges rates for advanced economies are established in the WEO assumptions for each WEO exercise. Expenditure-based GDP is total final expenditures at purchasers? prices (including the f.o.b. value of exports of goods and services), less the f.o.b. value of imports of goods and services. [SNA 1993]",U.S. dollars,Billions,"See notes for:  Gross domestic product, current prices (National currency).",80.743,69.965,69.954,70.874,66.857,68.47,97.157,121.499,133.293,132.966,166.494,174.045,195.069,189.958,203.514,240.747,236.828,212.61,217.994,217.01,196.998,197.123,213.725,261.22,300.264,315.187,334.603,386.995,429.638,398.602,390.939,429.431,407.599,428.833,437.582,374.261,387.299,401.138,414.848,429.948,446.113,458.734,2015
912,AZE,NGDPD,Azerbaijan,"Gross domestic product, current prices","Values are based upon GDP in national currency converted to U.S. dollars using market exchange rates (yearly average). Exchange rate projections are provided by country economists for the group of other emerging market and developing countries. Exchanges rates for advanced economies are established in the WEO assumptions for each WEO exercise. Expenditure-based GDP is total final expenditures at purchasers? prices (including the f.o.b. value of exports of goods and services), less the f.o.b. value of imports of goods and services. [SNA 1993]",U.S. dollars,Billions,"See notes for:  Gross domestic product, current prices (National currency).",n/a,n/a,n/a,n/a,n/a,n/a,n/a,n/a,n/a,n/a,n/a,n/a,1.193,1.309,2.258,2.417,3.177,3.963,4.28,4.581,5.273,5.71,6.232,7.276,8.682,13.245,21.027,33.09,46.378,44.289,52.913,64.819,68.7,73.537,75.254,54.048,35.686,38.541,40.083,42.087,43.77,45.521,2015
313,BHS,NGDPD,The Bahamas,"Gross domestic product, current prices","Values are based upon GDP in national currency converted to U.S. dollars using market exchange rates (yearly average). Exchange rate projections are provided by country economists for the group of other emerging market and developing countries. Exchanges rates for advanced economies are established in the WEO assumptions for each WEO exercise. Expenditure-based GDP is total final expenditures at purchasers? prices (including the f.o.b. value of exports of goods and services), less the f.o.b. value of imports of goods and services. [SNA 1993]",U.S. dollars,Billions,"See notes for:  Gross domestic product, current prices (National currency).",2.035,2.109,2.374,2.643,2.822,3.074,3.323,3.658,3.804,4.288,4.088,4.018,4.015,3.993,4.208,4.429,4.661,4.961,5.354,6.02,6.328,6.517,6.958,6.949,7.094,7.706,7.966,8.319,8.247,7.82,7.91,7.89,8.399,8.522,8.618,8.854,9.047,9.345,9.729,10.095,10.54,10.982,2015
419,BHR,NGDPD,Bahrain,"Gross domestic product, current prices","Values are based upon GDP in national currency converted to U.S. dollars using market exchange rates (yearly average). Exchange rate projections are provided by country economists for the group of other emerging market and developing countries. Exchanges rates for advanced economies are established in the WEO assumptions for each WEO exercise. Expenditure-based GDP is total final expenditures at purchasers? prices (including the f.o.b. value of exports of goods and services), less the f.o.b. value of imports of goods and services. [SNA 1993]",U.S. dollars,Billions,"See notes for:  Gross domestic product, current prices (National currency).",3.593,4.056,4.264,4.368,4.534,4.278,3.347,3.626,4.481,4.675,4.964,5.207,5.441,5.985,6.41,6.785,7.055,7.316,6.994,7.581,9.061,9.187,9.591,11.072,13.147,15.965,18.501,21.725,25.705,22.933,25.708,28.77,30.743,32.532,33.381,31.119,31.823,33.918,35.703,37.292,39.025,40.806,2015
513,BGD,NGDPD,Bangladesh,"Gross domestic product, current prices","Values are based upon GDP in national currency converted to U.S. dollars using market exchange rates (yearly average). Exchange rate projections are provided by country economists for the group of other emerging market and developing countries. Exchanges rates for advanced economies are established in the WEO assumptions for each WEO exercise. Expenditure-based GDP is total final expenditures at purchasers? prices (including the f.o.b. value of exports of goods and services), less the f.o.b. value of imports of goods and services. [SNA 1993]",U.S. dollars,Billions,"See notes for:  Gross domestic product, current prices (National currency).",22.632,22.057,20.197,21.165,24.064,24.756,25.954,28.633,30.904,34.046,35.383,36.468,36.476,38.234,41.538,45.921,48.168,50.34,51.928,53.984,54.586,54.755,57.5,63.204,68.593,70.921,75.77,85.604,97.062,108.896,122.039,131.079,141.705,161.297,183.966,206.531,226.76,246.166,268.611,293.252,319.237,346.777,2013
316,BRB,NGDPD,Barbados,"Gross domestic product, current prices","Values are based upon GDP in national currency converted to U.S. dollars using market exchange rates (yearly average). Exchange rate projections are provided by country economists for the group of other emerging market and developing countries. Exchanges rates for advanced economies are established in the WEO assumptions for each WEO exercise. Expenditure-based GDP is total final expenditures at purchasers? prices (including the f.o.b. value of exports of goods and services), less the f.o.b. value of imports of goods and services. [SNA 1993]",U.S. dollars,Billions,"See notes for:  Gross domestic product, current prices (National currency).",1.018,1.12,1.171,1.243,1.355,1.418,1.557,1.714,1.823,2.018,2.024,2.032,1.957,2.075,2.163,2.275,2.425,2.564,2.891,3.029,3.122,3.117,3.17,3.275,3.514,3.897,4.303,4.546,4.595,4.601,4.447,4.359,4.332,4.371,4.353,4.385,4.473,4.64,4.853,5.083,5.327,5.592,2015
913,BLR,NGDPD,Belarus,"Gross domestic product, current prices","Values are based upon GDP in national currency converted to U.S. dollars using market exchange rates (yearly average). Exchange rate projections are provided by country economists for the group of other emerging market and developing countries. Exchanges rates for advanced economies are established in the WEO assumptions for each WEO exercise. Expenditure-based GDP is total final expenditures at purchasers? prices (including the f.o.b. value of exports of goods and services), less the f.o.b. value of imports of goods and services. [SNA 1993]",U.S. dollars,Billions,"See notes for:  Gross domestic product, current prices (National currency).",n/a,n/a,n/a,n/a,n/a,n/a,n/a,n/a,n/a,n/a,n/a,n/a,4.115,3.662,4.854,3.381,14.433,14.008,15.141,12.1,12.826,12.419,14.653,17.819,23.142,30.21,36.954,45.276,60.752,49.209,55.221,59.735,63.608,73.098,76.104,54.609,48.126,49.52,51.533,53.582,56.01,58.544,2015
124,BEL,NGDPD,Belgium,"Gross domestic product, current prices","Values are based upon GDP in national currency converted to U.S. dollars using market exchange rates (yearly average). Exchange rate projections are provided by country economists for the group of other emerging market and developing countries. Exchanges rates for advanced economies are established in the WEO assumptions for each WEO exercise. Expenditure-based GDP is total final expenditures at purchasers? prices (including the f.o.b. value of exports of goods and services), less the f.o.b. value of imports of goods and services. [SNA 1993]",U.S. dollars,Billions,"See notes for:  Gross domestic product, current prices (National currency).",124.137,102.813,90.462,85.5,81.69,84.95,117.799,146.215,158.968,160.706,201.235,206.535,230.03,219.932,239.931,289.904,281.467,255.17,260.971,260.544,238.603,238.046,259.777,319.613,371.388,388.029,410.173,472.475,521.084,485.781,484.45,527.491,498.092,521.534,532.079,454.288,470.179,488.694,505.629,523.766,543.065,557.782,2015
339,BLZ,NGDPD,Belize,"Gross domestic product, current prices","Values are based upon GDP in national currency converted to U.S. dollars using market exchange rates (yearly average). Exchange rate projections are provided by country economists for the group of other emerging market and developing countries. Exchanges rates for advanced economies are established in the WEO assumptions for each WEO exercise. Expenditure-based GDP is total final expenditures at purchasers? prices (including the f.o.b. value of exports of goods and services), less the f.o.b. value of imports of goods and services. [SNA 1993]",U.S. dollars,Billions,"See notes for:  Gross domestic product, current prices (National currency).",0.172,0.179,0.179,0.189,0.211,0.209,0.228,0.267,0.315,0.363,0.412,0.445,0.518,0.56,0.581,0.62,0.641,0.654,0.689,0.732,0.832,0.872,0.933,0.99,1.058,1.114,1.217,1.291,1.37,1.339,1.398,1.489,1.574,1.626,1.718,1.753,1.77,1.855,1.939,2.014,2.09,2.168,2015
638,BEN,NGDPD,Benin,"Gross domestic product, current prices","Values are based upon GDP in national currency converted to U.S. dollars using market exchange rates (yearly average). Exchange rate projections are provided by country economists for the group of other emerging market and developing countries. Exchanges rates for advanced economies are established in the WEO assumptions for each WEO exercise. Expenditure-based GDP is total final expenditures at purchasers? prices (including the f.o.b. value of exports of goods and services), less the f.o.b. value of imports of goods and services. [SNA 1993]",U.S. dollars,Billions,"See notes for:  Gross domestic product, current prices (National currency).",1.685,1.14,1.128,0.999,1.065,1.111,1.419,1.66,1.728,1.596,1.96,1.987,2.246,2.274,1.598,2.169,2.361,2.268,2.455,2.69,2.577,2.682,3.065,3.913,4.527,4.812,5.147,5.977,7.166,7.116,6.983,7.821,8.122,9.114,9.59,8.475,8.93,9.605,10.347,11.195,12.065,13.021,2012
514,BTN,NGDPD,Bhutan,"Gross domestic product, current prices","Values are based upon GDP in national currency converted to U.S. dollars using market exchange rates (yearly average). Exchange rate projections are provided by country economists for the group of other emerging market and developing countries. Exchanges rates for advanced economies are established in the WEO assumptions for each WEO exercise. Expenditure-based GDP is total final expenditures at purchasers? prices (including the f.o.b. value of exports of goods and services), less the f.o.b. value of imports of goods and services. [SNA 1993]",U.S. dollars,Billions,"See notes for:  Gross domestic product, current prices (National currency).",0.127,0.137,0.144,0.156,0.161,0.167,0.189,0.229,0.262,0.261,0.281,0.244,0.238,0.249,0.253,0.296,0.311,0.348,0.382,0.401,0.436,0.455,0.504,0.575,0.67,0.762,0.858,1.02,1.291,1.214,1.433,1.737,1.814,1.849,1.83,2.017,2.085,2.251,2.55,2.965,3.293,3.541,2014
218,BOL,NGDPD,Bolivia,"Gross domestic product, current prices","Values are based upon GDP in national currency converted to U.S. dollars using market exchange rates (yearly average). Exchange rate projections are provided by country economists for the group of other emerging market and developing countries. Exchanges rates for advanced economies are established in the WEO assumptions for each WEO exercise. Expenditure-based GDP is total final expenditures at purchasers? prices (including the f.o.b. value of exports of goods and services), less the f.o.b. value of imports of goods and services. [SNA 1993]",U.S. dollars,Billions,"See notes for:  Gross domestic product, current prices (National currency).",3.589,3.44,3.813,3.609,3.752,4.059,3.97,4.323,4.598,4.716,4.868,5.343,5.643,5.734,5.97,6.702,7.375,7.917,8.49,8.269,8.385,8.155,7.917,8.092,8.785,9.573,11.52,13.216,16.792,17.464,19.786,24.135,27.282,30.883,33.237,33.238,35.699,39.795,43.373,47.209,51.193,55.64,2015
963,BIH,NGDPD,Bosnia and Herzegovina,"Gross domestic product, current prices","Values are based upon GDP in national currency converted to U.S. dollars using market exchange rates (yearly average). Exchange rate projections are provided by country economists for the group of other emerging market and developing countries. Exchanges rates for advanced economies are established in the WEO assumptions for each WEO exercise. Expenditure-based GDP is total final expenditures at purchasers? prices (including the f.o.b. value of exports of goods and services), less the f.o.b. value of imports of goods and services. [SNA 1993]",U.S. dollars,Billions,"See notes for:  Gross domestic product, current prices (National currency).",n/a,n/a,n/a,n/a,n/a,n/a,n/a,n/a,n/a,n/a,n/a,n/a,n/a,n/a,n/a,n/a,3.584,4.578,5.281,5.766,5.554,5.784,6.711,8.477,10.157,10.935,12.46,15.323,18.712,17.601,17.164,18.629,17.207,18.155,18.522,15.995,16.532,17.329,18.286,19.402,20.725,22.053,2015
616,BWA,NGDPD,Botswana,"Gross domestic product, current prices","Values are based upon GDP in national currency converted to U.S. dollars using market exchange rates (yearly average). Exchange rate projections are provided by country economists for the group of other emerging market and developing countries. Exchanges rates for advanced economies are established in the WEO assumptions for each WEO exercise. Expenditure-based GDP is total final expenditures at purchasers? prices (including the f.o.b. value of exports of goods and services), less the f.o.b. value of imports of goods and services. [SNA 1993]",U.S. dollars,Billions,"See notes for:  Gross domestic product, current prices (National currency).",1.175,1.038,1.095,1.21,1.201,1.118,1.516,2.376,3.084,3.444,3.803,3.806,3.932,3.961,4.261,4.732,4.881,5.024,4.819,5.485,5.804,5.516,5.456,7.538,8.969,10.027,10.165,10.942,11.028,10.317,13.755,15.334,14.701,14.814,15.88,14.414,10.948,11.048,11.772,12.728,13.324,13.761,2015
223,BRA,NGDPD,Brazil,"Gross domestic product, current prices","Values are based upon GDP in national currency converted to U.S. dollars using market exchange rates (yearly average). Exchange rate projections are provided by country economists for the group of other emerging market and developing countries. Exchanges rates for advanced economies are established in the WEO assumptions for each WEO exercise. Expenditure-based GDP is total final expenditures at purchasers? prices (including the f.o.b. value of exports of goods and services), less the f.o.b. value of imports of goods and services. [SNA 1993]",U.S. dollars,Billions,"See notes for:  Gross domestic product, current prices (National currency).",152.154,174.864,186.95,149.893,149.168,236.798,274.694,298.989,334.013,458.527,475.119,416.596,399.082,447.832,558.374,786.479,850.8,883.534,864.017,599.438,655.454,559.982,509.798,558.232,669.29,891.633,"1,107.63","1,397.11","1,695.86","1,669.21","2,208.71","2,612.40","2,459.53","2,464.69","2,417.16","1,772.59","1,769.60","1,953.86","2,028.92","2,118.32","2,213.76","2,314.84",2014
516,BRN,NGDPD,Brunei Darussalam,"Gross domestic product, current prices","Values are based upon GDP in national currency converted to U.S. dollars using market exchange rates (yearly average). Exchange rate projections are provided by country economists for the group of other emerging market and developing countries. Exchanges rates for advanced economies are established in the WEO assumptions for each WEO exercise. Expenditure-based GDP is total final expenditures at purchasers? prices (including the f.o.b. value of exports of goods and services), less the f.o.b. value of imports of goods and services. [SNA 1993]",U.S. dollars,Billions,"See notes for:  Gross domestic product, current prices (National currency).",n/a,n/a,n/a,n/a,n/a,4.434,2.704,3.105,2.955,3.314,3.908,4.109,4.646,4.558,4.537,5.255,5.679,5.769,4.496,5.106,6.662,6.218,6.487,7.279,8.739,10.581,12.736,13.576,16.005,11.892,13.707,18.525,19.047,18.092,17.122,12.93,10.458,11.82,12.527,14.31,16.553,18.867,2015
918,BGR,NGDPD,Bulgaria,"Gross domestic product, current prices","Values are based upon GDP in national currency converted to U.S. dollars using market exchange rates (yearly average). Exchange rate projections are provided by country economists for the group of other emerging market and developing countries. Exchanges rates for advanced economies are established in the WEO assumptions for each WEO exercise. Expenditure-based GDP is total final expenditures at purchasers? prices (including the f.o.b. value of exports of goods and services), less the f.o.b. value of imports of goods and services. [SNA 1993]",U.S. dollars,Billions,"See notes for:  Gross domestic product, current prices (National currency).",24.962,26.924,28.081,28.857,30.654,26.246,23.229,26.926,44.002,44.815,19.759,1.936,7.857,4.264,7.497,12.558,9.487,10.02,13.221,13.495,13.148,14.135,16.361,21.076,26.094,29.821,34.305,44.765,54.661,51.784,49.94,56.952,53.575,55.628,56.717,48.953,50.446,52.667,55.125,57.942,61.087,63.796,2015
748,BFA,NGDPD,Burkina Faso,"Gross domestic product, current prices","Values are based upon GDP in national currency converted to U.S. dollars using market exchange rates (yearly average). Exchange rate projections are provided by country economists for the group of other emerging market and developing countries. Exchanges rates for advanced economies are established in the WEO assumptions for each WEO exercise. Expenditure-based GDP is total final expenditures at purchasers? prices (including the f.o.b. value of exports of goods and services), less the f.o.b. value of imports of goods and services. [SNA 1993]",U.S. dollars,Billions,"See notes for:  Gross domestic product, current prices (National currency).",2.121,1.846,1.719,1.571,1.404,1.553,2.036,2.37,2.616,2.616,3.101,3.135,3.357,3.2,1.924,2.38,2.587,2.448,2.805,3.013,2.633,2.836,3.218,4.212,4.843,5.474,5.82,6.781,8.409,8.391,9.123,10.734,11.172,12.201,12.482,11.011,12.006,13.092,14.192,15.451,16.818,18.184,2014
618,BDI,NGDPD,Burundi,"Gross domestic product, current prices","Values are based upon GDP in national currency converted to U.S. dollars using market exchange rates (yearly average). Exchange rate projections are provided by country economists for the group of other emerging market and developing countries. Exchanges rates for advanced economies are established in the WEO assumptions for each WEO exercise. Expenditure-based GDP is total final expenditures at purchasers? prices (including the f.o.b. value of exports of goods and services), less the f.o.b. value of imports of goods and services. [SNA 1993]",U.S. dollars,Billions,"See notes for:  Gross domestic product, current prices (National currency).",0.951,0.989,1.045,1.106,1.005,1.17,1.233,1.161,1.088,1.131,1.131,1.167,1.082,0.938,0.924,1,0.868,0.972,0.893,0.866,0.87,0.877,0.825,0.785,0.915,1.117,1.273,1.356,1.612,1.775,2.032,2.236,2.333,2.575,2.934,2.867,2.742,2.6,2.644,2.899,3.034,3.393,2015
624,CPV,NGDPD,Cabo Verde,"Gross domestic product, current prices","Values are based upon GDP in national currency converted to U.S. dollars using market exchange rates (yearly average). Exchange rate projections are provided by country economists for the group of other emerging market and developing countries. Exchanges rates for advanced economies are established in the WEO assumptions for each WEO exercise. Expenditure-based GDP is total final expenditures at purchasers? prices (including the f.o.b. value of exports of goods and services), less the f.o.b. value of imports of goods and services. [SNA 1993]",U.S. dollars,Billions,"See notes for:  Gross domestic product, current prices (National currency).",0.157,0.154,0.155,0.152,0.145,0.152,0.21,0.26,0.292,0.295,0.339,0.353,0.395,0.398,0.448,0.536,0.553,0.54,0.575,0.652,0.589,0.616,0.679,0.891,1.023,1.09,1.237,1.514,1.789,1.712,1.664,1.865,1.752,1.851,1.885,1.604,1.684,1.779,1.898,2.033,2.183,2.31,2015
522,KHM,NGDPD,Cambodia,"Gross domestic product, current prices","Values are based upon GDP in national currency converted to U.S. dollars using market exchange rates (yearly average). Exchange rate projections are provided by country economists for the group of other emerging market and developing countries. Exchanges rates for advanced economies are established in the WEO assumptions for each WEO exercise. Expenditure-based GDP is total final expenditures at purchasers? prices (including the f.o.b. value of exports of goods and services), less the f.o.b. value of imports of goods and services. [SNA 1993]",U.S. dollars,Billions,"See notes for:  Gross domestic product, current prices (National currency).",n/a,n/a,n/a,n/a,n/a,n/a,0.205,0.141,0.276,0.346,0.899,2.011,2.439,2.427,2.765,3.441,3.507,3.443,3.13,3.513,3.667,3.992,4.289,4.665,5.334,6.287,7.268,8.63,10.342,10.391,11.232,12.818,14.057,15.244,16.778,17.789,19.368,20.937,22.743,24.733,26.834,29.057,2013
622,CMR,NGDPD,Cameroon,"Gross domestic product, current prices","Values are based upon GDP in national currency converted to U.S. dollars using market exchange rates (yearly average). Exchange rate projections are provided by country economists for the group of other emerging market and developing countries. Exchanges rates for advanced economies are established in the WEO assumptions for each WEO exercise. Expenditure-based GDP is total final expenditures at purchasers? prices (including the f.o.b. value of exports of goods and services), less the f.o.b. value of imports of goods and services. [SNA 1993]",U.S. dollars,Billions,"See notes for:  Gross domestic product, current prices (National currency).",7.672,8.691,8.335,8.401,8.879,9.274,12.088,14.002,14.219,12.678,12.692,14.152,12.97,13.532,9.207,8.733,9.732,9.841,9.828,10.015,9.027,9.638,10.888,13.63,15.784,16.617,17.97,20.461,23.432,23.442,23.667,26.612,26.487,29.576,32.101,28.539,30.87,33.118,35.41,37.819,40.547,43.09,2014
156,CAN,NGDPD,Canada,"Gross domestic product, current prices","Values are based upon GDP in national currency converted to U.S. dollars using market exchange rates (yearly average). Exchange rate projections are provided by country economists for the group of other emerging market and developing countries. Exchanges rates for advanced economies are established in the WEO assumptions for each WEO exercise. Expenditure-based GDP is total final expenditures at purchasers? prices (including the f.o.b. value of exports of goods and services), less the f.o.b. value of imports of goods and services. [SNA 1993]",U.S. dollars,Billions,"See notes for:  Gross domestic product, current prices (National currency).",272.982,306.223,313.524,340.55,355.373,364.771,377.445,431.334,507.378,565.077,593.962,610.322,592.401,577.2,578.138,604.034,628.569,652.834,631.852,676.005,742.319,736.425,757.981,892.498,"1,023.17","1,169.47","1,315.52","1,464.98","1,549.07","1,371.15","1,613.46","1,788.65","1,824.29","1,837.44","1,783.78","1,550.54","1,532.34","1,627.30","1,700.48","1,776.82","1,855.70","1,923.59",2015
626,CAF,NGDPD,Central African Republic,"Gross domestic product, current prices","Values are based upon GDP in national currency converted to U.S. dollars using market exchange rates (yearly average). Exchange rate projections are provided by country economists for the group of other emerging market and developing countries. Exchanges rates for advanced economies are established in the WEO assumptions for each WEO exercise. Expenditure-based GDP is total final expenditures at purchasers? prices (including the f.o.b. value of exports of goods and services), less the f.o.b. value of imports of goods and services. [SNA 1993]",U.S. dollars,Billions,"See notes for:  Gross domestic product, current prices (National currency).",0.714,0.743,0.719,0.69,0.67,0.883,1.158,1.275,1.372,1.354,1.572,1.498,1.494,1.309,0.858,1.117,1,0.979,1.036,1.039,0.885,0.897,0.963,1.11,1.257,1.337,1.461,1.698,1.985,1.982,1.986,2.196,2.171,1.519,1.706,1.593,1.782,2.003,2.248,2.521,2.836,3.157,2012
628,TCD,NGDPD,Chad,"Gross domestic product, current prices","Values are based upon GDP in national currency converted to U.S. dollars using market exchange rates (yearly average). Exchange rate projections are provided by country economists for the group of other emerging market and developing countries. Exchanges rates for advanced economies are established in the WEO assumptions for each WEO exercise. Expenditure-based GDP is total final expenditures at purchasers? prices (including the f.o.b. value of exports of goods and services), less the f.o.b. value of imports of goods and services. [SNA 1993]",U.S. dollars,Billions,"See notes for:  Gross domestic product, current prices (National currency).",0.738,0.873,0.844,0.844,0.907,0.983,1.211,1.372,1.604,1.515,1.826,1.809,1.886,1.648,1.335,1.636,1.819,1.748,1.975,1.739,1.572,1.936,2.257,3.102,5.003,6.658,7.429,8.651,10.401,9.278,10.678,12.168,12.375,12.951,13.948,10.901,10.441,11.579,12.408,14.117,15.118,15.897,2013
228,CHL,NGDPD,Chile,"Gross domestic product, current prices","Values are based upon GDP in national currency converted to U.S. dollars using market exchange rates (yearly average). Exchange rate projections are provided by country economists for the group of other emerging market and developing countries. Exchanges rates for advanced economies are established in the WEO assumptions for each WEO exercise. Expenditure-based GDP is total final expenditures at purchasers? prices (including the f.o.b. value of exports of goods and services), less the f.o.b. value of imports of goods and services. [SNA 1993]",U.S. dollars,Billions,"See notes for:  Gross domestic product, current prices (National currency).",28.7,33.981,25.337,20.581,20.014,17.161,18.449,21.759,25.65,29.547,32.851,37.812,46.065,49.285,56.86,73.272,77.677,84.835,81.542,75.237,77.982,71.285,70.103,76.098,99.269,123.057,154.718,173.069,179.556,172.094,217.277,250.652,265.158,277.068,258.712,240.233,234.903,242.641,253.973,266.55,280.483,295.759,2015
924,CHN,NGDPD,China,"Gross domestic product, current prices","Values are based upon GDP in national currency converted to U.S. dollars using market exchange rates (yearly average). Exchange rate projections are provided by country economists for the group of other emerging market and developing countries. Exchanges rates for advanced economies are established in the WEO assumptions for each WEO exercise. Expenditure-based GDP is total final expenditures at purchasers? prices (including the f.o.b. value of exports of goods and services), less the f.o.b. value of imports of goods and services. [SNA 1993]",U.S. dollars,Billions,"See notes for:  Gross domestic product, current prices (National currency).",305.346,290.836,286.72,307.677,316.628,312.617,303.34,330.303,411.923,461.066,398.624,415.603,495.67,623.049,566.49,736.873,867.22,965.337,"1,032.57","1,097.14","1,214.93","1,344.08","1,477.51","1,671.07","1,966.25","2,308.82","2,774.27","3,571.65","4,604.73","5,121.99","6,066.21","7,522.16","8,570.28","9,635.21","10,557.64","11,181.56","11,391.62","12,361.74","13,576.05","14,917.96","16,458.03","18,033.35",2015
233,COL,NGDPD,Colombia,"Gross domestic product, current prices","Values are based upon GDP in national currency converted to U.S. dollars using market exchange rates (yearly average). Exchange rate projections are provided by country economists for the group of other emerging market and developing countries. Exchanges rates for advanced economies are established in the WEO assumptions for each WEO exercise. Expenditure-based GDP is total final expenditures at purchasers? prices (including the f.o.b. value of exports of goods and services), less the f.o.b. value of imports of goods and services. [SNA 1993]",U.S. dollars,Billions,"See notes for:  Gross domestic product, current prices (National currency).",46.784,50.969,54.583,54.249,53.581,48.877,48.944,50.948,54.925,55.384,56.412,58.308,68.997,78.195,98.26,111.237,116.838,128.267,118.442,103.761,99.875,98.201,97.946,94.645,117.092,146.547,162.766,207.465,244.302,233.893,286.954,335.437,369.43,380.17,378.544,292.091,274.135,300.988,325.195,352.059,380.615,409.758,2015
632,COM,NGDPD,Comoros,"Gross domestic product, current prices","Values are based upon GDP in national currency converted to U.S. dollars using market exchange rates (yearly average). Exchange rate projections are provided by country economists for the group of other emerging market and developing countries. Exchanges rates for advanced economies are established in the WEO assumptions for each WEO exercise. Expenditure-based GDP is total final expenditures at purchasers? prices (including the f.o.b. value of exports of goods and services), less the f.o.b. value of imports of goods and services. [SNA 1993]",U.S. dollars,Billions,"See notes for:  Gross domestic product, current prices (National currency).",0.152,0.133,0.126,0.122,0.118,0.12,0.162,0.196,0.207,0.199,0.25,0.26,0.281,0.278,0.186,0.232,0.231,0.212,0.216,0.223,0.202,0.22,0.252,0.325,0.363,0.388,0.404,0.466,0.533,0.537,0.544,0.611,0.596,0.658,0.684,0.589,0.622,0.657,0.7,0.75,0.806,0.857,2015
636,COD,NGDPD,Democratic Republic of the Congo,"Gross domestic product, current prices","Values are based upon GDP in national currency converted to U.S. dollars using market exchange rates (yearly average). Exchange rate projections are provided by country economists for the group of other emerging market and developing countries. Exchanges rates for advanced economies are established in the WEO assumptions for each WEO exercise. Expenditure-based GDP is total final expenditures at purchasers? prices (including the f.o.b. value of exports of goods and services), less the f.o.b. value of imports of goods and services. [SNA 1993]",U.S. dollars,Billions,"See notes for:  Gross domestic product, current prices (National currency).",68.606,59.726,64.939,52.378,34.951,31.943,35.84,33.932,39.314,40.006,41.448,40.25,36.333,47.45,25.746,25.021,32.099,28.819,21.089,19.147,19.077,8.173,8.719,8.954,10.341,11.951,14.296,16.364,19.129,18.315,20.641,24.575,27.566,32.676,35.918,38.386,39.82,41.889,44.753,47.864,51.189,54.545,2013
634,COG,NGDPD,Republic of Congo,"Gross domestic product, current prices","Values are based upon GDP in national currency converted to U.S. dollars using market exchange rates (yearly average). Exchange rate projections are provided by country economists for the group of other emerging market and developing countries. Exchanges rates for advanced economies are established in the WEO assumptions for each WEO exercise. Expenditure-based GDP is total final expenditures at purchasers? prices (including the f.o.b. value of exports of goods and services), less the f.o.b. value of imports of goods and services. [SNA 1993]",U.S. dollars,Billions,"See notes for:  Gross domestic product, current prices (National currency).",2.083,1.708,1.489,1.354,1.245,1.276,1.746,2.121,2.257,2.384,2.799,2.725,2.933,2.684,1.769,2.116,2.54,2.323,1.949,2.357,3.22,2.794,3.02,3.503,4.655,6.098,7.738,8.407,11.915,9.618,12.029,14.433,13.678,13.478,13.552,8.843,8.834,10.271,11.035,11.701,12.36,13.14,2014
238,CRI,NGDPD,Costa Rica,"Gross domestic product, current prices","Values are based upon GDP in national currency converted to U.S. dollars using market exchange rates (yearly average). Exchange rate projections are provided by country economists for the group of other emerging market and developing countries. Exchanges rates for advanced economies are established in the WEO assumptions for each WEO exercise. Expenditure-based GDP is total final expenditures at purchasers? prices (including the f.o.b. value of exports of goods and services), less the f.o.b. value of imports of goods and services. [SNA 1993]",U.S. dollars,Billions,"See notes for:  Gross domestic product, current prices (National currency).",4.956,2.692,2.674,3.228,3.755,4.024,4.518,4.65,4.733,5.36,5.858,7.348,8.796,9.888,10.831,12.019,12.151,13.161,14.465,16.205,16.359,16.828,17.28,17.971,19.077,20.482,23.109,27.003,30.61,30.143,37.238,42.305,46.473,49.585,49.604,52.898,57.689,61.534,65.872,70.357,75.227,80.806,2015
662,CIV,NGDPD,C?e d'Ivoire,"Gross domestic product, current prices","Values are based upon GDP in national currency converted to U.S. dollars using market exchange rates (yearly average). Exchange rate projections are provided by country economists for the group of other emerging market and developing countries. Exchanges rates for advanced economies are established in the WEO assumptions for each WEO exercise. Expenditure-based GDP is total final expenditures at purchasers? prices (including the f.o.b. value of exports of goods and services), less the f.o.b. value of imports of goods and services. [SNA 1993]",U.S. dollars,Billions,"See notes for:  Gross domestic product, current prices (National currency).",10.04,8.321,7.466,6.737,6.717,6.851,9.17,10.088,10.195,9.757,10.796,10.493,11.153,11.046,8.314,11.001,12.138,11.831,12.682,12.393,10.748,11.202,12.39,15.336,16.576,17.115,17.817,20.373,24.339,24.341,24.931,25.693,26.805,31.274,34.047,31.421,34.649,38.396,42.424,46.769,51.546,56.118,2012
960,HRV,NGDPD,Croatia,"Gross domestic product, current prices","Values are based upon GDP in national currency converted to U.S. dollars using market exchange rates (yearly average). Exchange rate projections are provided by country economists for the group of other emerging market and developing countries. Exchanges rates for advanced economies are established in the WEO assumptions for each WEO exercise. Expenditure-based GDP is total final expenditures at purchasers? prices (including the f.o.b. value of exports of goods and services), less the f.o.b. value of imports of goods and services. [SNA 1993]",U.S. dollars,Billions,"See notes for:  Gross domestic product, current prices (National currency).",n/a,n/a,n/a,n/a,n/a,n/a,n/a,n/a,n/a,n/a,n/a,n/a,12.247,12.968,17.349,22.388,23.601,23.974,25.346,23.374,21.773,23.273,26.905,34.723,41.619,45.446,50.497,60.174,70.546,62.681,59.636,62.193,56.48,57.749,57.171,48.85,49.855,51.473,53.525,56.04,58.857,61.133,2015
423,CYP,NGDPD,Cyprus,"Gross domestic product, current prices","Values are based upon GDP in national currency converted to U.S. dollars using market exchange rates (yearly average). Exchange rate projections are provided by country economists for the group of other emerging market and developing countries. Exchanges rates for advanced economies are established in the WEO assumptions for each WEO exercise. Expenditure-based GDP is total final expenditures at purchasers? prices (including the f.o.b. value of exports of goods and services), less the f.o.b. value of imports of goods and services. [SNA 1993]",U.S. dollars,Billions,"See notes for:  Gross domestic product, current prices (National currency).",2.311,2.239,2.316,2.318,2.444,2.607,3.312,3.974,4.583,4.894,5.995,6.187,7.414,7.089,7.993,9.924,9.999,9.506,10.223,10.454,9.938,10.333,11.354,14.458,17.216,18.597,20.267,23.894,27.701,25.742,25.368,27.198,25.029,23.993,23.113,19.33,19.931,20.525,21.419,22.456,23.456,24.278,2015
935,CZE,NGDPD,Czech Republic,"Gross domestic product, current prices","Values are based upon GDP in national currency converted to U.S. dollars using market exchange rates (yearly average). Exchange rate projections are provided by country economists for the group of other emerging market and developing countries. Exchanges rates for advanced economies are established in the WEO assumptions for each WEO exercise. Expenditure-based GDP is total final expenditures at purchasers? prices (including the f.o.b. value of exports of goods and services), less the f.o.b. value of imports of goods and services. [SNA 1993]",U.S. dollars,Billions,"See notes for:  Gross domestic product, current prices (National currency).",n/a,n/a,n/a,n/a,n/a,n/a,n/a,n/a,n/a,n/a,n/a,n/a,n/a,n/a,n/a,59.519,66.797,61.602,66.347,64.719,61.474,67.376,81.684,99.322,118.971,135.99,155.213,188.614,235.513,205.852,207.016,227.948,207.376,209.402,207.818,185.156,193.535,201.107,204.885,206.742,208.717,207.167,2015
128,DNK,NGDPD,Denmark,"Gross domestic product, current prices","Values are based upon GDP in national currency converted to U.S. dollars using market exchange rates (yearly average). Exchange rate projections are provided by country economists for the group of other emerging market and developing countries. Exchanges rates for advanced economies are established in the WEO assumptions for each WEO exercise. Expenditure-based GDP is total final expenditures at purchasers? prices (including the f.o.b. value of exports of goods and services), less the f.o.b. value of imports of goods and services. [SNA 1993]",U.S. dollars,Billions,"See notes for:  Gross domestic product, current prices (National currency).",71.14,61.893,60.423,60.65,59.115,62.682,88.103,109.433,115.568,112.436,138.258,139.265,152.961,143.21,156.181,185.042,187.644,173.558,177.005,177.961,164.188,164.82,178.648,218.139,251.24,264.581,282.972,319.5,352.589,319.765,319.812,341.498,325.012,338.927,346.119,295.091,302.571,314.766,326.813,340.995,356.532,369.883,2015
611,DJI,NGDPD,Djibouti,"Gross domestic product, current prices","Values are based upon GDP in national currency converted to U.S. dollars using market exchange rates (yearly average). Exchange rate projections are provided by country economists for the group of other emerging market and developing countries. Exchanges rates for advanced economies are established in the WEO assumptions for each WEO exercise. Expenditure-based GDP is total final expenditures at purchasers? prices (including the f.o.b. value of exports of goods and services), less the f.o.b. value of imports of goods and services. [SNA 1993]",U.S. dollars,Billions,"See notes for:  Gross domestic product, current prices (National currency).",n/a,n/a,n/a,n/a,n/a,n/a,n/a,n/a,n/a,n/a,n/a,0.462,0.478,0.466,0.492,0.498,0.494,0.503,0.514,0.541,0.556,0.577,0.596,0.628,0.666,0.709,0.769,0.848,0.984,1.015,1.099,1.239,1.354,1.455,1.588,1.727,1.894,2.098,2.323,2.56,2.795,3.052,2014
321,DMA,NGDPD,Dominica,"Gross domestic product, current prices","Values are based upon GDP in national currency converted to U.S. dollars using market exchange rates (yearly average). Exchange rate projections are provided by country economists for the group of other emerging market and developing countries. Exchanges rates for advanced economies are established in the WEO assumptions for each WEO exercise. Expenditure-based GDP is total final expenditures at purchasers? prices (including the f.o.b. value of exports of goods and services), less the f.o.b. value of imports of goods and services. [SNA 1993]",U.S. dollars,Billions,"See notes for:  Gross domestic product, current prices (National currency).",0.073,0.082,0.09,0.099,0.109,0.119,0.135,0.152,0.171,0.185,0.201,0.22,0.234,0.246,0.264,0.275,0.292,0.303,0.322,0.332,0.333,0.34,0.333,0.343,0.367,0.364,0.39,0.421,0.458,0.489,0.494,0.501,0.486,0.508,0.528,0.517,0.524,0.548,0.573,0.599,0.626,0.65,2014
243,DOM,NGDPD,Dominican Republic,"Gross domestic product, current prices","Values are based upon GDP in national currency converted to U.S. dollars using market exchange rates (yearly average). Exchange rate projections are provided by country economists for the group of other emerging market and developing countries. Exchanges rates for advanced economies are established in the WEO assumptions for each WEO exercise. Expenditure-based GDP is total final expenditures at purchasers? prices (including the f.o.b. value of exports of goods and services), less the f.o.b. value of imports of goods and services. [SNA 1993]",U.S. dollars,Billions,"See notes for:  Gross domestic product, current prices (National currency).",9.248,10.342,9.748,10.089,15.858,6.928,8.415,8.856,8.11,9.16,8.526,10.544,12.303,13.851,15.472,17.504,19.365,20.914,22.609,23.165,25.613,26.588,28.243,22.517,23.366,36.101,38.254,43.972,48.07,48.136,53.803,58.304,60.53,61.293,64.058,67.197,71.457,75.395,79.553,83.94,88.569,93.453,2015
248,ECU,NGDPD,Ecuador,"Gross domestic product, current prices","Values are based upon GDP in national currency converted to U.S. dollars using market exchange rates (yearly average). Exchange rate projections are provided by country economists for the group of other emerging market and developing countries. Exchanges rates for advanced economies are established in the WEO assumptions for each WEO exercise. Expenditure-based GDP is total final expenditures at purchasers? prices (including the f.o.b. value of exports of goods and services), less the f.o.b. value of imports of goods and services. [SNA 1993]",U.S. dollars,Billions,"See notes for:  Gross domestic product, current prices (National currency).",16.84,17.243,17.214,15.129,16.101,18.83,13.816,12.91,12.277,12.049,12.236,13.73,15.012,17.537,21.147,22.968,24.035,27.009,27.474,19.74,18.319,24.468,28.549,32.433,36.592,41.507,46.802,51.008,61.763,62.52,69.555,79.277,87.925,94.776,100.917,100.872,99.118,98.107,97.167,97.428,97.156,99.021,2015
469,EGY,NGDPD,Egypt,"Gross domestic product, current prices","Values are based upon GDP in national currency converted to U.S. dollars using market exchange rates (yearly average). Exchange rate projections are provided by country economists for the group of other emerging market and developing countries. Exchanges rates for advanced economies are established in the WEO assumptions for each WEO exercise. Expenditure-based GDP is total final expenditures at purchasers? prices (including the f.o.b. value of exports of goods and services), less the f.o.b. value of imports of goods and services. [SNA 1993]",U.S. dollars,Billions,"See notes for:  Gross domestic product, current prices (National currency).",23.523,25.76,30.479,37.254,41.888,48.841,54.076,77.359,92.53,115.362,96.087,48.431,44.168,49.526,54.55,63.26,71.114,79.77,89.188,95.039,104.752,102.273,90.261,85.163,82.855,94.127,112.902,137.055,170.797,198.316,230.024,247.726,275.756,285.437,301.536,330.159,n/a,n/a,n/a,n/a,n/a,n/a,2015
253,SLV,NGDPD,El Salvador,"Gross domestic product, current prices","Values are based upon GDP in national currency converted to U.S. dollars using market exchange rates (yearly average). Exchange rate projections are provided by country economists for the group of other emerging market and developing countries. Exchanges rates for advanced economies are established in the WEO assumptions for each WEO exercise. Expenditure-based GDP is total final expenditures at purchasers? prices (including the f.o.b. value of exports of goods and services), less the f.o.b. value of imports of goods and services. [SNA 1993]",U.S. dollars,Billions,"See notes for:  Gross domestic product, current prices (National currency).",3.899,3.437,3.394,3.25,2.377,2.311,2.327,2.366,2.762,3.157,4.801,5.311,5.955,6.938,8.086,9.501,10.316,11.135,12.008,12.465,13.134,13.813,14.307,15.047,15.798,17.094,18.551,20.105,21.431,20.661,21.418,23.139,23.814,24.351,25.054,25.85,26.61,27.659,28.924,30.222,31.532,32.953,2015
642,GNQ,NGDPD,Equatorial Guinea,"Gross domestic product, current prices","Values are based upon GDP in national currency converted to U.S. dollars using market exchange rates (yearly average). Exchange rate projections are provided by country economists for the group of other emerging market and developing countries. Exchanges rates for advanced economies are established in the WEO assumptions for each WEO exercise. Expenditure-based GDP is total final expenditures at purchasers? prices (including the f.o.b. value of exports of goods and services), less the f.o.b. value of imports of goods and services. [SNA 1993]",U.S. dollars,Billions,"See notes for:  Gross domestic product, current prices (National currency).",0.035,0.033,0.039,0.044,0.049,0.081,0.1,0.122,0.132,0.116,0.147,0.145,0.177,0.178,0.132,0.186,0.305,0.58,0.486,0.814,1.371,1.915,2.368,3.256,5.781,9.064,10.087,13.072,19.75,15.028,16.299,21.329,22.39,21.943,21.504,13.819,11.638,11.483,11.552,11.74,11.998,12.338,2013
643,ERI,NGDPD,Eritrea,"Gross domestic product, current prices","Values are based upon GDP in national currency converted to U.S. dollars using market exchange rates (yearly average). Exchange rate projections are provided by country economists for the group of other emerging market and developing countries. Exchanges rates for advanced economies are established in the WEO assumptions for each WEO exercise. Expenditure-based GDP is total final expenditures at purchasers? prices (including the f.o.b. value of exports of goods and services), less the f.o.b. value of imports of goods and services. [SNA 1993]",U.S. dollars,Billions,"See notes for:  Gross domestic product, current prices (National currency).",n/a,n/a,n/a,n/a,n/a,n/a,n/a,n/a,n/a,n/a,n/a,n/a,0.783,0.483,0.56,0.624,0.749,0.767,0.809,0.794,0.706,0.752,0.729,0.87,1.109,1.098,1.211,1.318,1.38,1.857,2.117,2.608,3.092,3.502,4.052,4.666,5.352,6.05,6.856,7.766,8.137,9.291,2006
939,EST,NGDPD,Estonia,"Gross domestic product, current prices","Values are based upon GDP in national currency converted to U.S. dollars using market exchange rates (yearly average). Exchange rate projections are provided by country economists for the group of other emerging market and developing countries. Exchanges rates for advanced economies are established in the WEO assumptions for each WEO exercise. Expenditure-based GDP is total final expenditures at purchasers? prices (including the f.o.b. value of exports of goods and services), less the f.o.b. value of imports of goods and services. [SNA 1993]",U.S. dollars,Billions,"See notes for:  Gross domestic product, current prices (National currency).",n/a,n/a,n/a,n/a,n/a,n/a,n/a,n/a,n/a,n/a,n/a,n/a,n/a,1.739,2.435,3.797,4.745,5.072,5.621,5.741,5.706,6.26,7.345,9.852,12.071,14.024,16.987,22.265,24.285,19.712,19.538,23.191,23.148,25.255,26.527,22.704,23.476,24.609,25.9,27.376,29.059,30.551,2015
644,ETH,NGDPD,Ethiopia,"Gross domestic product, current prices","Values are based upon GDP in national currency converted to U.S. dollars using market exchange rates (yearly average). Exchange rate projections are provided by country economists for the group of other emerging market and developing countries. Exchanges rates for advanced economies are established in the WEO assumptions for each WEO exercise. Expenditure-based GDP is total final expenditures at purchasers? prices (including the f.o.b. value of exports of goods and services), less the f.o.b. value of imports of goods and services. [SNA 1993]",U.S. dollars,Billions,"See notes for:  Gross domestic product, current prices (National currency).",7.385,7.578,7.973,8.863,8.375,9.808,10.188,10.89,11.285,11.872,12.595,13.928,14.696,9.143,8.135,8.431,8.826,8.909,8.078,7.927,8.235,8.223,7.851,8.623,10.142,12.408,15.283,19.701,26.839,32.464,29.917,31.958,43.134,47.656,55.511,61.629,69.218,76.907,84.004,91.363,99.543,108.27,2015
819,FJI,NGDPD,Fiji,"Gross domestic product, current prices","Values are based upon GDP in national currency converted to U.S. dollars using market exchange rates (yearly average). Exchange rate projections are provided by country economists for the group of other emerging market and developing countries. Exchanges rates for advanced economies are established in the WEO assumptions for each WEO exercise. Expenditure-based GDP is total final expenditures at purchasers? prices (including the f.o.b. value of exports of goods and services), less the f.o.b. value of imports of goods and services. [SNA 1993]",U.S. dollars,Billions,"See notes for:  Gross domestic product, current prices (National currency).",1.231,1.264,1.222,1.149,1.205,1.168,1.32,1.205,1.136,1.21,1.337,1.384,1.532,1.635,1.825,1.97,2.129,2.094,1.656,1.942,1.684,1.66,1.843,2.316,2.727,3.007,3.103,3.405,3.523,2.871,3.14,3.775,3.978,4.196,4.532,4.389,4.556,4.789,5.035,5.277,5.531,5.798,2014
172,FIN,NGDPD,Finland,"Gross domestic product, current prices","Values are based upon GDP in national currency converted to U.S. dollars using market exchange rates (yearly average). Exchange rate projections are provided by country economists for the group of other emerging market and developing countries. Exchanges rates for advanced economies are established in the WEO assumptions for each WEO exercise. Expenditure-based GDP is total final expenditures at purchasers? prices (including the f.o.b. value of exports of goods and services), less the f.o.b. value of imports of goods and services. [SNA 1993]",U.S. dollars,Billions,"See notes for:  Gross domestic product, current prices (National currency).",48.092,43.007,42.244,42.213,41.643,43.552,61.325,77.826,89.723,94.178,118.268,110.012,112.489,102.224,109.348,130.747,131.859,125.421,134.106,135.403,125.908,129.361,140.047,171.398,197.035,204.786,216.742,255.739,285.087,252.137,248.262,273.925,256.849,270.065,272.896,232.077,239.186,247.91,256.238,266.588,278.261,287.741,2015
132,FRA,NGDPD,France,"Gross domestic product, current prices","Values are based upon GDP in national currency converted to U.S. dollars using market exchange rates (yearly average). Exchange rate projections are provided by country economists for the group of other emerging market and developing countries. Exchanges rates for advanced economies are established in the WEO assumptions for each WEO exercise. Expenditure-based GDP is total final expenditures at purchasers? prices (including the f.o.b. value of exports of goods and services), less the f.o.b. value of imports of goods and services. [SNA 1993]",U.S. dollars,Billions,"See notes for:  Gross domestic product, current prices (National currency).",704.515,621.172,590.127,564.582,534.333,559.846,776.121,939.453,"1,025.68","1,031.31","1,278.67","1,280.30","1,412.10","1,331.66","1,404.48","1,611.20","1,614.71","1,462.61","1,512.96","1,502.25","1,372.45","1,383.41","1,505.65","1,851.66","2,127.00","2,207.45","2,327.05","2,666.81","2,937.32","2,700.66","2,651.77","2,865.30","2,682.90","2,809.39","2,843.67","2,420.16","2,488.28","2,570.02","2,649.55","2,741.36","2,850.67","2,941.08",2015
646,GAB,NGDPD,Gabon,"Gross domestic product, current prices","Values are based upon GDP in national currency converted to U.S. dollars using market exchange rates (yearly average). Exchange rate projections are provided by country economists for the group of other emerging market and developing countries. Exchanges rates for advanced economies are established in the WEO assumptions for each WEO exercise. Expenditure-based GDP is total final expenditures at purchasers? prices (including the f.o.b. value of exports of goods and services), less the f.o.b. value of imports of goods and services. [SNA 1993]",U.S. dollars,Billions,"See notes for:  Gross domestic product, current prices (National currency).",4.559,4.111,3.853,3.689,3.547,3.736,4.889,3.699,4.079,4.458,6.339,5.754,5.955,5.757,4.463,5.281,6.064,5.673,4.774,4.966,5.397,5.019,5.31,6.497,7.756,9.459,10.154,12.439,15.509,12.152,14.359,18.203,17.181,17.596,18.209,14.269,14.563,15.916,17.241,18.689,20.255,21.689,2013
648,GMB,NGDPD,The Gambia,"Gross domestic product, current prices","Values are based upon GDP in national currency converted to U.S. dollars using market exchange rates (yearly average). Exchange rate projections are provided by country economists for the group of other emerging market and developing countries. Exchanges rates for advanced economies are established in the WEO assumptions for each WEO exercise. Expenditure-based GDP is total final expenditures at purchasers? prices (including the f.o.b. value of exports of goods and services), less the f.o.b. value of imports of goods and services. [SNA 1993]",U.S. dollars,Billions,"See notes for:  Gross domestic product, current prices (National currency).",0.364,0.349,0.33,0.332,0.238,0.29,0.226,0.303,0.352,0.37,0.434,0.457,0.493,0.528,0.523,0.547,0.571,0.591,0.607,0.623,0.608,0.603,0.534,0.507,0.579,0.624,0.655,0.799,0.966,0.901,0.952,0.898,0.91,0.899,0.824,0.893,0.886,0.836,0.891,0.952,1.018,1.089,2013
915,GEO,NGDPD,Georgia,"Gross domestic product, current prices","Values are based upon GDP in national currency converted to U.S. dollars using market exchange rates (yearly average). Exchange rate projections are provided by country economists for the group of other emerging market and developing countries. Exchanges rates for advanced economies are established in the WEO assumptions for each WEO exercise. Expenditure-based GDP is total final expenditures at purchasers? prices (including the f.o.b. value of exports of goods and services), less the f.o.b. value of imports of goods and services. [SNA 1993]",U.S. dollars,Billions,"See notes for:  Gross domestic product, current prices (National currency).",n/a,n/a,n/a,n/a,n/a,n/a,n/a,n/a,n/a,n/a,n/a,n/a,n/a,n/a,0.827,1.907,3.063,3.511,3.607,2.805,3.057,3.218,3.396,3.991,5.126,6.411,7.745,10.173,12.795,10.767,11.638,14.435,15.847,16.141,16.515,13.968,14.463,15.713,17.214,18.724,20.344,22.116,2015
134,DEU,NGDPD,Germany,"Gross domestic product, current prices","Values are based upon GDP in national currency converted to U.S. dollars using market exchange rates (yearly average). Exchange rate projections are provided by country economists for the group of other emerging market and developing countries. Exchanges rates for advanced economies are established in the WEO assumptions for each WEO exercise. Expenditure-based GDP is total final expenditures at purchasers? prices (including the f.o.b. value of exports of goods and services), less the f.o.b. value of imports of goods and services. [SNA 1993]",U.S. dollars,Billions,"See notes for:  Gross domestic product, current prices (National currency).",850.642,715.726,691.011,689.366,649.558,658.784,940.833,"1,170.62","1,262.02","1,252.92","1,592.71","1,869.10","2,128.56","2,069.77","2,211.02","2,594.37","2,504.67","2,221.74","2,246.45","2,202.85","1,955.67","1,952.33","2,086.50","2,510.53","2,823.07","2,866.31","3,005.08","3,444.72","3,770.15","3,426.67","3,423.47","3,761.14","3,545.95","3,753.69","3,885.44","3,365.29","3,494.90","3,618.62","3,736.32","3,866.65","4,007.77","4,113.87",2015
652,GHA,NGDPD,Ghana,"Gross domestic product, current prices","Values are based upon GDP in national currency converted to U.S. dollars using market exchange rates (yearly average). Exchange rate projections are provided by country economists for the group of other emerging market and developing countries. Exchanges rates for advanced economies are established in the WEO assumptions for each WEO exercise. Expenditure-based GDP is total final expenditures at purchasers? prices (including the f.o.b. value of exports of goods and services), less the f.o.b. value of imports of goods and services. [SNA 1993]",U.S. dollars,Billions,"See notes for:  Gross domestic product, current prices (National currency).",24.995,42.361,50.424,38.543,12.064,10.123,9.192,7.844,8.317,8.424,9.979,11.238,11.043,9.713,8.872,10.517,11.298,11.195,12.16,12.576,8.107,8.647,10.032,12.418,14.451,17.461,20.401,24.758,28.528,25.59,32.174,39.565,41.939,47.806,38.616,37.687,42.761,46.61,51.293,55.807,60.171,64.534,2015
174,GRC,NGDPD,Greece,"Gross domestic product, current prices","Values are based upon GDP in national currency converted to U.S. dollars using market exchange rates (yearly average). Exchange rate projections are provided by country economists for the group of other emerging market and developing countries. Exchanges rates for advanced economies are established in the WEO assumptions for each WEO exercise. Expenditure-based GDP is total final expenditures at purchasers? prices (including the f.o.b. value of exports of goods and services), less the f.o.b. value of imports of goods and services. [SNA 1993]",U.S. dollars,Billions,"See notes for:  Gross domestic product, current prices (National currency).",56.573,52.257,54.799,49.634,48.337,47.964,56.434,65.661,76.465,79.241,97.979,105.642,116.624,109.01,116.539,136.968,145.875,143.343,144.645,149.04,132.197,136.308,154.376,202.311,240.848,248.207,273.558,318.94,356.14,330.837,299.919,288.062,245.807,239.585,235.948,195.32,195.878,204.941,214.725,225.331,236.538,244.848,2015
328,GRD,NGDPD,Grenada,"Gross domestic product, current prices","Values are based upon GDP in national currency converted to U.S. dollars using market exchange rates (yearly average). Exchange rate projections are provided by country economists for the group of other emerging market and developing countries. Exchanges rates for advanced economies are established in the WEO assumptions for each WEO exercise. Expenditure-based GDP is total final expenditures at purchasers? prices (including the f.o.b. value of exports of goods and services), less the f.o.b. value of imports of goods and services. [SNA 1993]",U.S. dollars,Billions,"See notes for:  Gross domestic product, current prices (National currency).",0.111,0.116,0.125,0.132,0.146,0.168,0.188,0.215,0.236,0.267,0.278,0.301,0.31,0.31,0.325,0.342,0.367,0.392,0.446,0.482,0.52,0.52,0.54,0.591,0.599,0.695,0.699,0.759,0.826,0.771,0.771,0.779,0.8,0.843,0.912,0.984,1.028,1.09,1.146,1.202,1.263,1.326,2014
258,GTM,NGDPD,Guatemala,"Gross domestic product, current prices","Values are based upon GDP in national currency converted to U.S. dollars using market exchange rates (yearly average). Exchange rate projections are provided by country economists for the group of other emerging market and developing countries. Exchanges rates for advanced economies are established in the WEO assumptions for each WEO exercise. Expenditure-based GDP is total final expenditures at purchasers? prices (including the f.o.b. value of exports of goods and services), less the f.o.b. value of imports of goods and services. [SNA 1993]",U.S. dollars,Billions,"See notes for:  Gross domestic product, current prices (National currency).",7.319,7.995,8.098,8.406,8.796,10.385,5.615,6.502,7.042,8.118,7.106,8.687,9.625,10.462,11.855,13.314,14.218,16.103,17.488,16.492,17.187,18.703,20.777,21.918,23.965,27.211,30.231,34.113,39.137,37.734,41.338,47.655,50.388,53.851,58.722,63.794,68.389,71.984,76.817,82.022,87.493,93.21,2015
656,GIN,NGDPD,Guinea,"Gross domestic product, current prices","Values are based upon GDP in national currency converted to U.S. dollars using market exchange rates (yearly average). Exchange rate projections are provided by country economists for the group of other emerging market and developing countries. Exchanges rates for advanced economies are established in the WEO assumptions for each WEO exercise. Expenditure-based GDP is total final expenditures at purchasers? prices (including the f.o.b. value of exports of goods and services), less the f.o.b. value of imports of goods and services. [SNA 1993]",U.S. dollars,Billions,"See notes for:  Gross domestic product, current prices (National currency).",1.724,1.711,1.678,1.641,1.672,1.777,1.922,2.041,2.384,2.432,2.666,3.015,3.284,3.279,3.383,3.693,3.868,3.783,3.588,3.461,2.995,2.829,2.95,3.446,3.666,2.937,2.903,4.157,4.517,4.635,4.739,4.495,5.604,6.219,6.797,6.852,6.754,6.904,7.307,7.771,8.318,8.879,2011
654,GNB,NGDPD,Guinea-Bissau,"Gross domestic product, current prices","Values are based upon GDP in national currency converted to U.S. dollars using market exchange rates (yearly average). Exchange rate projections are provided by country economists for the group of other emerging market and developing countries. Exchanges rates for advanced economies are established in the WEO assumptions for each WEO exercise. Expenditure-based GDP is total final expenditures at purchasers? prices (including the f.o.b. value of exports of goods and services), less the f.o.b. value of imports of goods and services. [SNA 1993]",U.S. dollars,Billions,"See notes for:  Gross domestic product, current prices (National currency).",0.171,0.219,0.249,0.281,0.195,0.287,0.28,0.237,0.221,0.266,0.323,0.457,0.489,0.381,0.435,0.46,0.438,0.425,0.374,0.415,0.371,0.393,0.417,0.477,0.532,0.588,0.592,0.697,0.868,0.828,0.848,1.107,0.996,1.027,1.111,1.056,1.168,1.239,1.332,1.439,1.556,1.669,2013
336,GUY,NGDPD,Guyana,"Gross domestic product, current prices","Values are based upon GDP in national currency converted to U.S. dollars using market exchange rates (yearly average). Exchange rate projections are provided by country economists for the group of other emerging market and developing countries. Exchanges rates for advanced economies are established in the WEO assumptions for each WEO exercise. Expenditure-based GDP is total final expenditures at purchasers? prices (including the f.o.b. value of exports of goods and services), less the f.o.b. value of imports of goods and services. [SNA 1993]",U.S. dollars,Billions,"See notes for:  Gross domestic product, current prices (National currency).",0.559,0.544,0.459,0.466,0.465,0.474,0.523,0.655,0.615,0.779,0.652,0.735,0.602,0.721,0.874,0.993,1.116,1.188,1.114,1.147,1.123,1.127,1.16,1.197,1.26,1.311,1.455,1.741,1.916,2.023,2.262,2.582,2.854,2.99,3.078,3.164,3.456,3.691,3.86,4.056,4.247,4.45,2015
263,HTI,NGDPD,Haiti,"Gross domestic product, current prices","Values are based upon GDP in national currency converted to U.S. dollars using market exchange rates (yearly average). Exchange rate projections are provided by country economists for the group of other emerging market and developing countries. Exchanges rates for advanced economies are established in the WEO assumptions for each WEO exercise. Expenditure-based GDP is total final expenditures at purchasers? prices (including the f.o.b. value of exports of goods and services), less the f.o.b. value of imports of goods and services. [SNA 1993]",U.S. dollars,Billions,"See notes for:  Gross domestic product, current prices (National currency).",1.546,1.702,1.77,1.9,2.105,2.337,2.597,1.279,0.841,0.778,0.99,0.888,0.533,0.61,1.775,2.813,2.908,3.339,3.724,4.154,3.954,3.596,3.472,2.96,3.538,4.31,4.756,5.885,6.55,6.584,6.62,7.516,7.89,8.451,8.789,8.713,8.259,7.837,7.962,8.243,8.656,9.133,2015
268,HND,NGDPD,Honduras,"Gross domestic product, current prices","Values are based upon GDP in national currency converted to U.S. dollars using market exchange rates (yearly average). Exchange rate projections are provided by country economists for the group of other emerging market and developing countries. Exchanges rates for advanced economies are established in the WEO assumptions for each WEO exercise. Expenditure-based GDP is total final expenditures at purchasers? prices (including the f.o.b. value of exports of goods and services), less the f.o.b. value of imports of goods and services. [SNA 1993]",U.S. dollars,Billions,"See notes for:  Gross domestic product, current prices (National currency).",3.508,3.855,3.97,4.207,4.538,4.976,5.207,5.678,6.324,7.065,4.169,4.195,4.675,4.794,4.693,5.415,5.217,5.736,6.366,6.417,7.104,7.566,7.775,8.14,8.772,9.672,10.842,12.275,13.79,14.486,15.73,17.649,18.464,18.436,19.45,20.45,20.93,21.406,22.065,22.794,23.547,24.445,2015
532,HKG,NGDPD,Hong Kong SAR,"Gross domestic product, current prices","Values are based upon GDP in national currency converted to U.S. dollars using market exchange rates (yearly average). Exchange rate projections are provided by country economists for the group of other emerging market and developing countries. Exchanges rates for advanced economies are established in the WEO assumptions for each WEO exercise. Expenditure-based GDP is total final expenditures at purchasers? prices (including the f.o.b. value of exports of goods and services), less the f.o.b. value of imports of goods and services. [SNA 1993]",U.S. dollars,Billions,"See notes for:  Gross domestic product, current prices (National currency).",28.862,31.055,32.291,29.907,33.511,35.7,41.076,50.623,59.708,68.79,76.929,88.96,104.272,120.354,135.807,144.653,159.718,177.353,168.88,165.769,171.669,169.404,166.326,161.355,169.096,181.57,193.534,211.599,219.28,214.046,228.637,248.514,262.629,275.659,291.229,309.236,316.07,326.399,343.152,360.971,379.743,397.465,2015
944,HUN,NGDPD,Hungary,"Gross domestic product, current prices","Values are based upon GDP in national currency converted to U.S. dollars using market exchange rates (yearly average). Exchange rate projections are provided by country economists for the group of other emerging market and developing countries. Exchanges rates for advanced economies are established in the WEO assumptions for each WEO exercise. Expenditure-based GDP is total final expenditures at purchasers? prices (including the f.o.b. value of exports of goods and services), less the f.o.b. value of imports of goods and services. [SNA 1993]",U.S. dollars,Billions,"See notes for:  Gross domestic product, current prices (National currency).",22.929,23.514,23.946,21.732,21.07,21.336,24.577,27.011,29.558,30.175,34.198,34.584,38.541,39.929,42.94,46.212,46.485,47.131,48.615,49.033,47.17,53.656,67.517,84.999,103.641,112.531,114.734,139.08,157.095,129.774,130.093,139.938,127.176,134.402,138.347,120.636,117.065,117.993,123.502,129.819,135.14,139.2,2015
176,ISL,NGDPD,Iceland,"Gross domestic product, current prices","Values are based upon GDP in national currency converted to U.S. dollars using market exchange rates (yearly average). Exchange rate projections are provided by country economists for the group of other emerging market and developing countries. Exchanges rates for advanced economies are established in the WEO assumptions for each WEO exercise. Expenditure-based GDP is total final expenditures at purchasers? prices (including the f.o.b. value of exports of goods and services), less the f.o.b. value of imports of goods and services. [SNA 1993]",U.S. dollars,Billions,"See notes for:  Gross domestic product, current prices (National currency).",3.447,3.558,3.27,2.807,2.904,3.028,4.038,5.595,6.182,5.735,6.544,6.993,7.153,6.271,6.437,7.173,7.519,7.596,8.468,8.928,8.925,8.125,9.162,11.297,13.71,16.749,17.041,21.294,17.531,12.855,13.237,14.665,14.208,15.462,17.159,16.718,19.444,21.393,22.753,23.953,24.815,25.416,2015
534,IND,NGDPD,India,"Gross domestic product, current prices","Values are based upon GDP in national currency converted to U.S. dollars using market exchange rates (yearly average). Exchange rate projections are provided by country economists for the group of other emerging market and developing countries. Exchanges rates for advanced economies are established in the WEO assumptions for each WEO exercise. Expenditure-based GDP is total final expenditures at purchasers? prices (including the f.o.b. value of exports of goods and services), less the f.o.b. value of imports of goods and services. [SNA 1993]",U.S. dollars,Billions,"See notes for:  Gross domestic product, current prices (National currency).",189.438,196.535,203.537,222.049,215.556,237.618,252.751,283.75,299.645,300.187,326.608,274.842,293.262,284.194,333.014,366.6,399.791,423.189,428.767,466.841,476.636,493.934,523.768,618.369,721.589,834.218,949.118,"1,238.70","1,224.10","1,365.37","1,708.46","1,822.99","1,828.98","1,863.21","2,042.56","2,073.00","2,250.99","2,457.75","2,695.18","2,981.82","3,297.45","3,650.62",2016
536,IDN,NGDPD,Indonesia,"Gross domestic product, current prices","Values are based upon GDP in national currency converted to U.S. dollars using market exchange rates (yearly average). Exchange rate projections are provided by country economists for the group of other emerging market and developing countries. Exchanges rates for advanced economies are established in the WEO assumptions for each WEO exercise. Expenditure-based GDP is total final expenditures at purchasers? prices (including the f.o.b. value of exports of goods and services), less the f.o.b. value of imports of goods and services. [SNA 1993]",U.S. dollars,Billions,"See notes for:  Gross domestic product, current prices (National currency).",99.296,110.848,113.799,103.149,107.218,107.062,101.22,95.214,107.279,122.582,138.258,154.558,168.28,190.913,213.727,244.227,274.722,260.68,115.323,169.158,179.482,174.507,212.807,255.428,279.556,310.815,396.293,470.144,558.582,577.539,755.256,892.59,919.002,914.552,890.597,858.953,940.953,"1,014.87","1,096.90","1,177.57","1,273.81","1,408.13",2015
429,IRN,NGDPD,Islamic Republic of Iran,"Gross domestic product, current prices","Values are based upon GDP in national currency converted to U.S. dollars using market exchange rates (yearly average). Exchange rate projections are provided by country economists for the group of other emerging market and developing countries. Exchanges rates for advanced economies are established in the WEO assumptions for each WEO exercise. Expenditure-based GDP is total final expenditures at purchasers? prices (including the f.o.b. value of exports of goods and services), less the f.o.b. value of imports of goods and services. [SNA 1993]",U.S. dollars,Billions,"See notes for:  Gross domestic product, current prices (National currency).",93.936,100.012,125.753,156.132,161.796,181.684,210.492,278.747,314.739,378.05,569.585,295.443,48.887,63.625,79.847,112.783,154.126,180.421,201.452,270.641,357.875,325.377,128.527,151.743,181.283,218.207,257.85,337.654,390.67,396.694,463.67,570.039,382.017,379.436,414.895,390.039,412.304,438.334,471.145,505.836,544.904,586.478,2015
433,IRQ,NGDPD,Iraq,"Gross domestic product, current prices","Values are based upon GDP in national currency converted to U.S. dollars using market exchange rates (yearly average). Exchange rate projections are provided by country economists for the group of other emerging market and developing countries. Exchanges rates for advanced economies are established in the WEO assumptions for each WEO exercise. Expenditure-based GDP is total final expenditures at purchasers? prices (including the f.o.b. value of exports of goods and services), less the f.o.b. value of imports of goods and services. [SNA 1993]",U.S. dollars,Billions,"See notes for:  Gross domestic product, current prices (National currency).",n/a,n/a,n/a,n/a,n/a,n/a,n/a,n/a,n/a,n/a,n/a,n/a,n/a,n/a,n/a,n/a,n/a,n/a,10.469,18.449,25.857,18.936,18.97,15.8,36.642,50.065,65.144,88.833,131.614,111.66,138.517,185.75,218.032,234.638,222.548,165.135,156.323,173.589,184.197,196.037,210.197,224.689,2014
178,IRL,NGDPD,Ireland,"Gross domestic product, current prices","Values are based upon GDP in national currency converted to U.S. dollars using market exchange rates (yearly average). Exchange rate projections are provided by country economists for the group of other emerging market and developing countries. Exchanges rates for advanced economies are established in the WEO assumptions for each WEO exercise. Expenditure-based GDP is total final expenditures at purchasers? prices (including the f.o.b. value of exports of goods and services), less the f.o.b. value of imports of goods and services. [SNA 1993]",U.S. dollars,Billions,"See notes for:  Gross domestic product, current prices (National currency).",21.397,20.339,21.266,20.524,19.831,21.018,28.369,33.618,36.807,37.998,48.054,48.667,54.794,50.775,55.746,69.216,75.865,82.829,90.12,98.781,99.876,109.138,128.007,164.311,193.934,211.699,232.166,270.029,274.929,235.751,221.343,240.59,225.82,239.271,256.272,283.716,307.917,325.831,342.849,360.558,379.867,396.245,2015
436,ISR,NGDPD,Israel,"Gross domestic product, current prices","Values are based upon GDP in national currency converted to U.S. dollars using market exchange rates (yearly average). Exchange rate projections are provided by country economists for the group of other emerging market and developing countries. Exchanges rates for advanced economies are established in the WEO assumptions for each WEO exercise. Expenditure-based GDP is total final expenditures at purchasers? prices (including the f.o.b. value of exports of goods and services), less the f.o.b. value of imports of goods and services. [SNA 1993]",U.S. dollars,Billions,"See notes for:  Gross domestic product, current prices (National currency).",23.819,25.238,27.048,30.165,28.557,26.542,32.675,39.027,48.346,49.19,58.045,65.844,73.576,73.948,84.413,100.279,109.949,114.714,115.953,117.195,132.328,130.638,120.935,126.682,135.366,142.463,153.877,178.743,215.929,207.319,233.756,261.373,257.64,293.318,308.767,299.413,311.739,327.63,341.978,357.915,374.164,388.612,2015
136,ITA,NGDPD,Italy,"Gross domestic product, current prices","Values are based upon GDP in national currency converted to U.S. dollars using market exchange rates (yearly average). Exchange rate projections are provided by country economists for the group of other emerging market and developing countries. Exchanges rates for advanced economies are established in the WEO assumptions for each WEO exercise. Expenditure-based GDP is total final expenditures at purchasers? prices (including the f.o.b. value of exports of goods and services), less the f.o.b. value of imports of goods and services. [SNA 1993]",U.S. dollars,Billions,"See notes for:  Gross domestic product, current prices (National currency).",483.592,438.534,433.428,449.739,444.306,458.982,650.037,815.836,903.851,939.875,"1,173.06","1,239.53","1,314.81","1,057.44","1,090.60","1,171.51","1,309.32","1,240.58","1,268.03","1,250.20","1,145.11","1,163.32","1,270.99","1,572.65","1,800.76","1,855.83","1,944.34","2,206.11","2,402.06","2,190.70","2,129.02","2,278.38","2,073.97","2,131.00","2,141.94","1,815.76","1,852.50","1,895.32","1,941.90","1,991.15","2,045.98","2,083.77",2015
343,JAM,NGDPD,Jamaica,"Gross domestic product, current prices","Values are based upon GDP in national currency converted to U.S. dollars using market exchange rates (yearly average). Exchange rate projections are provided by country economists for the group of other emerging market and developing countries. Exchanges rates for advanced economies are established in the WEO assumptions for each WEO exercise. Expenditure-based GDP is total final expenditures at purchasers? prices (including the f.o.b. value of exports of goods and services), less the f.o.b. value of imports of goods and services. [SNA 1993]",U.S. dollars,Billions,"See notes for:  Gross domestic product, current prices (National currency).",2.565,2.817,3.235,2.875,2.119,1.993,2.369,2.672,3.184,3.692,4.663,4.285,4.328,5.516,5.529,6.543,7.394,8.4,8.787,8.887,9.065,9.195,9.719,9.43,10.173,11.228,11.946,12.881,13.743,12.107,13.192,14.409,14.761,14.203,13.863,14.218,13.779,14.562,15.329,16.13,16.993,17.905,2015
158,JPN,NGDPD,Japan,"Gross domestic product, current prices","Values are based upon GDP in national currency converted to U.S. dollars using market exchange rates (yearly average). Exchange rate projections are provided by country economists for the group of other emerging market and developing countries. Exchanges rates for advanced economies are established in the WEO assumptions for each WEO exercise. Expenditure-based GDP is total final expenditures at purchasers? prices (including the f.o.b. value of exports of goods and services), less the f.o.b. value of imports of goods and services. [SNA 1993]",U.S. dollars,Billions,"See notes for:  Gross domestic product, current prices (National currency).","1,086.99","1,201.73","1,117.35","1,218.17","1,294.66","1,384.82","2,051.64","2,485.91","3,015.92","3,017.63","3,104.39","3,541.41","3,853.10","4,415.52","4,850.89","5,335.58","4,706.49","4,325.24","3,916.46","4,417.03","4,730.99","4,161.03","3,980.90","4,304.60","4,656.41","4,572.41","4,356.85","4,356.35","4,849.19","5,035.14","5,498.72","5,908.99","5,957.25","4,908.86","4,595.52","4,124.21","4,730.30","5,106.26","5,230.42","5,395.57","5,506.44","5,603.52",2015
439,JOR,NGDPD,Jordan,"Gross domestic product, current prices","Values are based upon GDP in national currency converted to U.S. dollars using market exchange rates (yearly average). Exchange rate projections are provided by country economists for the group of other emerging market and developing countries. Exchanges rates for advanced economies are established in the WEO assumptions for each WEO exercise. Expenditure-based GDP is total final expenditures at purchasers? prices (including the f.o.b. value of exports of goods and services), less the f.o.b. value of imports of goods and services. [SNA 1993]",U.S. dollars,Billions,"See notes for:  Gross domestic product, current prices (National currency).",3.908,4.388,4.684,4.922,4.972,5.001,6.404,6.751,6.324,4.252,4.161,4.345,5.369,5.532,6.197,6.65,6.928,7.246,7.912,8.149,8.461,8.975,9.582,10.196,11.411,12.589,15.057,17.111,21.963,23.82,26.425,28.84,30.981,33.641,35.878,37.57,39.453,41.692,44.337,47.263,50.383,53.708,2015
916,KAZ,NGDPD,Kazakhstan,"Gross domestic product, current prices","Values are based upon GDP in national currency converted to U.S. dollars using market exchange rates (yearly average). Exchange rate projections are provided by country economists for the group of other emerging market and developing countries. Exchanges rates for advanced economies are established in the WEO assumptions for each WEO exercise. Expenditure-based GDP is total final expenditures at purchasers? prices (including the f.o.b. value of exports of goods and services), less the f.o.b. value of imports of goods and services. [SNA 1993]",U.S. dollars,Billions,"See notes for:  Gross domestic product, current prices (National currency).",n/a,n/a,n/a,n/a,n/a,n/a,n/a,n/a,n/a,n/a,n/a,n/a,2.875,5.152,11.648,16.594,20.893,22.13,21.624,16.87,18.292,22.153,24.637,30.834,43.152,57.125,81.003,104.85,133.441,115.309,148.047,200.379,215.902,243.775,227.437,184.361,128.109,148.292,163.566,178.145,197.116,211.556,2015
664,KEN,NGDPD,Kenya,"Gross domestic product, current prices","Values are based upon GDP in national currency converted to U.S. dollars using market exchange rates (yearly average). Exchange rate projections are provided by country economists for the group of other emerging market and developing countries. Exchanges rates for advanced economies are established in the WEO assumptions for each WEO exercise. Expenditure-based GDP is total final expenditures at purchasers? prices (including the f.o.b. value of exports of goods and services), less the f.o.b. value of imports of goods and services. [SNA 1993]",U.S. dollars,Billions,"See notes for:  Gross domestic product, current prices (National currency).",10.099,9.513,9.159,8.47,8.788,8.746,10.387,11.387,11.806,11.705,12.18,11.501,11.327,7.869,9.422,11.944,13.565,13.742,15.739,14.353,14.136,14.536,14.764,16.796,18.064,21.001,25.826,31.958,35.895,37.022,40,41.953,50.41,55.101,61.395,63.399,69.17,74.74,81.215,88.267,95.476,103.626,2015
826,KIR,NGDPD,Kiribati,"Gross domestic product, current prices","Values are based upon GDP in national currency converted to U.S. dollars using market exchange rates (yearly average). Exchange rate projections are provided by country economists for the group of other emerging market and developing countries. Exchanges rates for advanced economies are established in the WEO assumptions for each WEO exercise. Expenditure-based GDP is total final expenditures at purchasers? prices (including the f.o.b. value of exports of goods and services), less the f.o.b. value of imports of goods and services. [SNA 1993]",U.S. dollars,Billions,"See notes for:  Gross domestic product, current prices (National currency).",0.039,0.041,0.041,0.038,0.041,0.032,0.032,0.068,0.043,0.041,0.04,0.047,0.048,0.047,0.055,0.056,0.067,0.067,0.066,0.069,0.068,0.063,0.072,0.091,0.103,0.112,0.109,0.131,0.142,0.132,0.154,0.177,0.188,0.188,0.186,0.16,0.166,0.176,0.182,0.188,0.193,0.197,2014
542,KOR,NGDPD,Korea,"Gross domestic product, current prices","Values are based upon GDP in national currency converted to U.S. dollars using market exchange rates (yearly average). Exchange rate projections are provided by country economists for the group of other emerging market and developing countries. Exchanges rates for advanced economies are established in the WEO assumptions for each WEO exercise. Expenditure-based GDP is total final expenditures at purchasers? prices (including the f.o.b. value of exports of goods and services), less the f.o.b. value of imports of goods and services. [SNA 1993]",U.S. dollars,Billions,"See notes for:  Gross domestic product, current prices (National currency).",65.222,72.426,77.768,87.027,96.596,100.288,115.537,146.132,196.972,243.508,279.215,325.713,350.078,386.292,455.645,556.449,598.063,557.547,374.14,485.257,561.595,533.188,609.017,680.581,764.892,898.137,"1,012.04","1,122.68","1,002.22",901.935,"1,094.50","1,202.46","1,222.81","1,305.61","1,411.33","1,377.87","1,404.38","1,521.00","1,591.30","1,668.97","1,746.81","1,819.34",2015
967,UVK,NGDPD,Kosovo,"Gross domestic product, current prices","Values are based upon GDP in national currency converted to U.S. dollars using market exchange rates (yearly average). Exchange rate projections are provided by country economists for the group of other emerging market and developing countries. Exchanges rates for advanced economies are established in the WEO assumptions for each WEO exercise. Expenditure-based GDP is total final expenditures at purchasers? prices (including the f.o.b. value of exports of goods and services), less the f.o.b. value of imports of goods and services. [SNA 1993]",U.S. dollars,Billions,"See notes for:  Gross domestic product, current prices (National currency).",n/a,n/a,n/a,n/a,n/a,n/a,n/a,n/a,n/a,n/a,n/a,n/a,n/a,n/a,n/a,n/a,n/a,n/a,n/a,n/a,2.234,2.535,2.703,3.355,3.62,3.741,3.918,4.743,5.714,5.668,5.841,6.699,6.503,7.075,7.398,6.404,6.56,6.898,7.305,7.754,8.26,8.746,2015
443,KWT,NGDPD,Kuwait,"Gross domestic product, current prices","Values are based upon GDP in national currency converted to U.S. dollars using market exchange rates (yearly average). Exchange rate projections are provided by country economists for the group of other emerging market and developing countries. Exchanges rates for advanced economies are established in the WEO assumptions for each WEO exercise. Expenditure-based GDP is total final expenditures at purchasers? prices (including the f.o.b. value of exports of goods and services), less the f.o.b. value of imports of goods and services. [SNA 1993]",U.S. dollars,Billions,"See notes for:  Gross domestic product, current prices (National currency).",28.724,25.249,21.583,20.317,21.457,21.54,17.376,20.817,19.281,23.855,18.293,10.826,19.866,23.996,24.796,27.189,31.492,30.35,25.944,30.123,37.721,34.886,38.135,47.844,59.439,80.807,101.559,114.677,147.402,105.992,115.401,154.02,174.066,174.179,162.695,114.079,110.455,124.869,134.313,143.521,154.071,164.814,2014
917,KGZ,NGDPD,Kyrgyz Republic,"Gross domestic product, current prices","Values are based upon GDP in national currency converted to U.S. dollars using market exchange rates (yearly average). Exchange rate projections are provided by country economists for the group of other emerging market and developing countries. Exchanges rates for advanced economies are established in the WEO assumptions for each WEO exercise. Expenditure-based GDP is total final expenditures at purchasers? prices (including the f.o.b. value of exports of goods and services), less the f.o.b. value of imports of goods and services. [SNA 1993]",U.S. dollars,Billions,"See notes for:  Gross domestic product, current prices (National currency).",n/a,n/a,n/a,n/a,n/a,n/a,n/a,n/a,n/a,n/a,n/a,n/a,0.921,0.667,1.121,1.493,1.855,1.766,1.674,1.267,1.368,1.526,1.638,1.919,2.215,2.46,2.837,3.807,5.133,4.683,4.806,6.198,6.605,7.333,7.465,6.65,5.794,6.24,6.743,7.203,7.732,8.225,2015
544,LAO,NGDPD,Lao P.D.R.,"Gross domestic product, current prices","Values are based upon GDP in national currency converted to U.S. dollars using market exchange rates (yearly average). Exchange rate projections are provided by country economists for the group of other emerging market and developing countries. Exchanges rates for advanced economies are established in the WEO assumptions for each WEO exercise. Expenditure-based GDP is total final expenditures at purchasers? prices (including the f.o.b. value of exports of goods and services), less the f.o.b. value of imports of goods and services. [SNA 1993]",U.S. dollars,Billions,"See notes for:  Gross domestic product, current prices (National currency).",1.004,0.587,0.587,1.075,1.539,1.935,1.353,0.953,0.621,0.767,0.915,1.078,1.236,1.392,1.618,1.88,1.956,1.846,1.3,1.422,1.572,1.565,1.656,2.033,2.374,2.717,3.548,4.217,5.292,5.582,6.842,8.062,9.4,10.788,11.851,12.561,13.761,14.811,15.971,17.216,18.516,19.885,2013
941,LVA,NGDPD,Latvia,"Gross domestic product, current prices","Values are based upon GDP in national currency converted to U.S. dollars using market exchange rates (yearly average). Exchange rate projections are provided by country economists for the group of other emerging market and developing countries. Exchanges rates for advanced economies are established in the WEO assumptions for each WEO exercise. Expenditure-based GDP is total final expenditures at purchasers? prices (including the f.o.b. value of exports of goods and services), less the f.o.b. value of imports of goods and services. [SNA 1993]",U.S. dollars,Billions,"See notes for:  Gross domestic product, current prices (National currency).",n/a,n/a,n/a,n/a,n/a,n/a,n/a,n/a,n/a,n/a,n/a,n/a,1.693,2.726,4.53,5.407,5.967,6.524,7.175,7.531,7.945,8.348,9.545,11.74,14.363,16.93,21.43,30.892,35.709,26.213,23.787,28.414,28.055,30.199,31.303,26.957,27.945,29.636,31.509,33.594,35.88,37.987,2015
446,LBN,NGDPD,Lebanon,"Gross domestic product, current prices","Values are based upon GDP in national currency converted to U.S. dollars using market exchange rates (yearly average). Exchange rate projections are provided by country economists for the group of other emerging market and developing countries. Exchanges rates for advanced economies are established in the WEO assumptions for each WEO exercise. Expenditure-based GDP is total final expenditures at purchasers? prices (including the f.o.b. value of exports of goods and services), less the f.o.b. value of imports of goods and services. [SNA 1993]",U.S. dollars,Billions,"See notes for:  Gross domestic product, current prices (National currency).",4.074,3.894,2.656,3.66,4.327,3.614,2.817,3.298,3.314,2.718,2.838,4.452,5.546,7.535,9.11,11.119,12.997,15.745,17.289,17.405,17.248,17.595,19.091,19.749,20.957,21.286,21.797,24.577,28.833,35.14,38.01,40.076,44.1,47.598,49.914,50.807,51.815,53.366,55.624,58.323,61.085,64.096,2013
666,LSO,NGDPD,Lesotho,"Gross domestic product, current prices","Values are based upon GDP in national currency converted to U.S. dollars using market exchange rates (yearly average). Exchange rate projections are provided by country economists for the group of other emerging market and developing countries. Exchanges rates for advanced economies are established in the WEO assumptions for each WEO exercise. Expenditure-based GDP is total final expenditures at purchasers? prices (including the f.o.b. value of exports of goods and services), less the f.o.b. value of imports of goods and services. [SNA 1993]",U.S. dollars,Billions,"See notes for:  Gross domestic product, current prices (National currency).",0.411,0.418,0.348,0.382,0.342,0.273,0.314,0.41,0.465,0.484,0.584,0.662,0.768,0.767,0.809,0.909,0.86,0.907,0.836,0.82,0.798,0.731,0.666,0.99,1.262,1.407,1.487,1.676,1.661,1.735,2.25,2.538,2.41,2.277,2.22,2.043,1.806,1.91,2.027,2.119,2.218,2.192,2014
668,LBR,NGDPD,Liberia,"Gross domestic product, current prices","Values are based upon GDP in national currency converted to U.S. dollars using market exchange rates (yearly average). Exchange rate projections are provided by country economists for the group of other emerging market and developing countries. Exchanges rates for advanced economies are established in the WEO assumptions for each WEO exercise. Expenditure-based GDP is total final expenditures at purchasers? prices (including the f.o.b. value of exports of goods and services), less the f.o.b. value of imports of goods and services. [SNA 1993]",U.S. dollars,Billions,"See notes for:  Gross domestic product, current prices (National currency).",n/a,n/a,n/a,n/a,n/a,n/a,n/a,n/a,n/a,n/a,n/a,n/a,n/a,n/a,n/a,n/a,n/a,n/a,n/a,n/a,0.588,0.614,0.639,0.511,0.585,0.675,0.757,0.942,1.084,1.142,1.292,1.54,1.746,1.962,2.012,2.034,2.168,2.335,2.553,2.788,3.045,3.267,2014
672,LBY,NGDPD,Libya,"Gross domestic product, current prices","Values are based upon GDP in national currency converted to U.S. dollars using market exchange rates (yearly average). Exchange rate projections are provided by country economists for the group of other emerging market and developing countries. Exchanges rates for advanced economies are established in the WEO assumptions for each WEO exercise. Expenditure-based GDP is total final expenditures at purchasers? prices (including the f.o.b. value of exports of goods and services), less the f.o.b. value of imports of goods and services. [SNA 1993]",U.S. dollars,Billions,"See notes for:  Gross domestic product, current prices (National currency).",38.941,33.641,33.541,31.963,29.93,29.44,23.987,22.294,25.067,26.594,30.644,33.908,34.358,30.921,28.796,32.69,35.683,36.531,29.96,35.975,38.271,34.112,20.471,26.186,32.996,47.335,54.963,67.69,87.236,63.027,74.774,34.702,81.909,66.042,44.417,39.677,39.389,51.408,60.75,72.146,87.987,97.915,2014
946,LTU,NGDPD,Lithuania,"Gross domestic product, current prices","Values are based upon GDP in national currency converted to U.S. dollars using market exchange rates (yearly average). Exchange rate projections are provided by country economists for the group of other emerging market and developing countries. Exchanges rates for advanced economies are established in the WEO assumptions for each WEO exercise. Expenditure-based GDP is total final expenditures at purchasers? prices (including the f.o.b. value of exports of goods and services), less the f.o.b. value of imports of goods and services. [SNA 1993]",U.S. dollars,Billions,"See notes for:  Gross domestic product, current prices (National currency).",n/a,n/a,n/a,n/a,n/a,n/a,n/a,n/a,n/a,n/a,n/a,n/a,n/a,n/a,n/a,6.698,8.385,10.12,11.241,10.973,11.539,12.253,14.275,18.803,22.647,26.182,30.235,39.788,48.125,37.533,37.201,43.547,42.87,46.426,48.468,41.193,42.776,44.937,47.655,50.747,54.112,57.012,2015
137,LUX,NGDPD,Luxembourg,"Gross domestic product, current prices","Values are based upon GDP in national currency converted to U.S. dollars using market exchange rates (yearly average). Exchange rate projections are provided by country economists for the group of other emerging market and developing countries. Exchanges rates for advanced economies are established in the WEO assumptions for each WEO exercise. Expenditure-based GDP is total final expenditures at purchasers? prices (including the f.o.b. value of exports of goods and services), less the f.o.b. value of imports of goods and services. [SNA 1993]",U.S. dollars,Billions,"See notes for:  Gross domestic product, current prices (National currency).",6.494,5.601,4.599,4.515,4.426,4.588,6.679,8.289,9.389,9.998,12.747,13.815,15.476,15.864,17.653,20.768,20.657,18.603,19.445,21.285,21.438,21.07,23.391,29.263,34.39,37.041,41.95,50.393,55.406,50.514,52.445,58.755,56.018,61.814,64.977,57.825,60.984,64.512,68.223,72.201,76.485,80.181,2015
546,MAC,NGDPD,Macao SAR,"Gross domestic product, current prices","Values are based upon GDP in national currency converted to U.S. dollars using market exchange rates (yearly average). Exchange rate projections are provided by country economists for the group of other emerging market and developing countries. Exchanges rates for advanced economies are established in the WEO assumptions for each WEO exercise. Expenditure-based GDP is total final expenditures at purchasers? prices (including the f.o.b. value of exports of goods and services), less the f.o.b. value of imports of goods and services. [SNA 1993]",U.S. dollars,Billions,"See notes for:  Gross domestic product, current prices (National currency).",n/a,n/a,n/a,n/a,n/a,n/a,n/a,n/a,n/a,n/a,n/a,n/a,n/a,n/a,n/a,n/a,n/a,n/a,n/a,n/a,n/a,6.811,7.323,8.195,10.586,12.092,14.79,18.341,20.917,21.475,28.124,36.71,43.029,51.549,55.523,46.178,44.066,44.968,45.82,47.306,49.403,51.643,2015
962,MKD,NGDPD,FYR Macedonia,"Gross domestic product, current prices","Values are based upon GDP in national currency converted to U.S. dollars using market exchange rates (yearly average). Exchange rate projections are provided by country economists for the group of other emerging market and developing countries. Exchanges rates for advanced economies are established in the WEO assumptions for each WEO exercise. Expenditure-based GDP is total final expenditures at purchasers? prices (including the f.o.b. value of exports of goods and services), less the f.o.b. value of imports of goods and services. [SNA 1993]",U.S. dollars,Billions,"See notes for:  Gross domestic product, current prices (National currency).",n/a,n/a,n/a,n/a,n/a,n/a,n/a,n/a,n/a,n/a,n/a,n/a,2.443,2.687,3.561,4.687,4.642,3.928,3.764,3.867,3.774,3.709,3.991,4.946,5.684,6.257,6.86,8.337,9.912,9.4,9.415,10.659,9.751,10.824,11.334,10.089,10.492,11.105,11.735,12.466,13.327,14.108,2015
674,MDG,NGDPD,Madagascar,"Gross domestic product, current prices","Values are based upon GDP in national currency converted to U.S. dollars using market exchange rates (yearly average). Exchange rate projections are provided by country economists for the group of other emerging market and developing countries. Exchanges rates for advanced economies are established in the WEO assumptions for each WEO exercise. Expenditure-based GDP is total final expenditures at purchasers? prices (including the f.o.b. value of exports of goods and services), less the f.o.b. value of imports of goods and services. [SNA 1993]",U.S. dollars,Billions,"See notes for:  Gross domestic product, current prices (National currency).",4.042,3.595,3.526,3.512,2.939,2.858,3.258,2.566,2.442,2.498,3.081,2.677,3.001,3.371,2.977,3.16,3.995,3.546,3.738,3.721,3.878,4.53,4.397,5.474,4.364,5.039,5.516,7.343,9.413,8.55,8.73,9.893,9.92,10.602,10.674,9.744,9.74,10.372,11.021,11.817,12.668,13.601,2015
676,MWI,NGDPD,Malawi,"Gross domestic product, current prices","Values are based upon GDP in national currency converted to U.S. dollars using market exchange rates (yearly average). Exchange rate projections are provided by country economists for the group of other emerging market and developing countries. Exchanges rates for advanced economies are established in the WEO assumptions for each WEO exercise. Expenditure-based GDP is total final expenditures at purchasers? prices (including the f.o.b. value of exports of goods and services), less the f.o.b. value of imports of goods and services. [SNA 1993]",U.S. dollars,Billions,"See notes for:  Gross domestic product, current prices (National currency).",2.146,2.146,2.046,2.121,2.095,1.962,2.048,2.013,2.314,2.639,2.999,3.821,3.12,3.591,2.081,2.423,3.956,4.619,3.036,3.08,3.023,2.967,3.496,3.211,3.476,3.656,3.998,4.431,5.321,6.195,6.957,7.984,5.981,5.432,6.055,6.408,5.474,6.364,6.722,7.121,7.604,8.152,2011
548,MYS,NGDPD,Malaysia,"Gross domestic product, current prices","Values are based upon GDP in national currency converted to U.S. dollars using market exchange rates (yearly average). Exchange rate projections are provided by country economists for the group of other emerging market and developing countries. Exchanges rates for advanced economies are established in the WEO assumptions for each WEO exercise. Expenditure-based GDP is total final expenditures at purchasers? prices (including the f.o.b. value of exports of goods and services), less the f.o.b. value of imports of goods and services. [SNA 1993]",U.S. dollars,Billions,"See notes for:  Gross domestic product, current prices (National currency).",26.382,26.938,28.868,32.286,36.568,33.612,29.879,34.046,37.315,41.095,46.575,52.765,63.521,71.837,79.985,95.395,108.3,107.57,77.508,84.996,100.719,99.639,108.296,118.344,133.966,148.245,168.084,199.96,238.645,208.914,255.024,297.961,314.443,323.276,338.073,296.284,302.748,336.303,376.682,422.591,472.69,526.547,2015
556,MDV,NGDPD,Maldives,"Gross domestic product, current prices","Values are based upon GDP in national currency converted to U.S. dollars using market exchange rates (yearly average). Exchange rate projections are provided by country economists for the group of other emerging market and developing countries. Exchanges rates for advanced economies are established in the WEO assumptions for each WEO exercise. Expenditure-based GDP is total final expenditures at purchasers? prices (including the f.o.b. value of exports of goods and services), less the f.o.b. value of imports of goods and services. [SNA 1993]",U.S. dollars,Billions,"See notes for:  Gross domestic product, current prices (National currency).",0.063,0.073,0.087,0.094,0.113,0.134,0.158,0.149,0.178,0.201,0.231,0.262,0.306,0.346,0.382,0.466,0.527,0.652,0.693,0.756,0.801,0.767,0.828,1.043,1.202,1.12,1.475,1.746,2.11,2.149,2.323,2.321,2.517,2.789,3.06,3.12,3.27,3.491,3.755,4.049,4.378,4.73,2014
678,MLI,NGDPD,Mali,"Gross domestic product, current prices","Values are based upon GDP in national currency converted to U.S. dollars using market exchange rates (yearly average). Exchange rate projections are provided by country economists for the group of other emerging market and developing countries. Exchanges rates for advanced economies are established in the WEO assumptions for each WEO exercise. Expenditure-based GDP is total final expenditures at purchasers? prices (including the f.o.b. value of exports of goods and services), less the f.o.b. value of imports of goods and services. [SNA 1993]",U.S. dollars,Billions,"See notes for:  Gross domestic product, current prices (National currency).",2.031,1.66,1.468,1.418,1.416,1.426,1.981,2.308,2.316,2.827,3.223,3.285,3.373,3.362,2.575,3.337,3.416,3.208,3.328,3.444,2.963,3.468,3.903,4.713,5.452,6.256,6.906,8.157,9.797,10.207,10.699,12.99,12.45,13.25,14.411,13.107,14.103,15.172,15.995,16.951,18.123,19.318,2015
181,MLT,NGDPD,Malta,"Gross domestic product, current prices","Values are based upon GDP in national currency converted to U.S. dollars using market exchange rates (yearly average). Exchange rate projections are provided by country economists for the group of other emerging market and developing countries. Exchanges rates for advanced economies are established in the WEO assumptions for each WEO exercise. Expenditure-based GDP is total final expenditures at purchasers? prices (including the f.o.b. value of exports of goods and services), less the f.o.b. value of imports of goods and services. [SNA 1993]",U.S. dollars,Billions,"See notes for:  Gross domestic product, current prices (National currency).",n/a,n/a,n/a,n/a,n/a,n/a,n/a,n/a,n/a,n/a,n/a,n/a,n/a,n/a,n/a,3.367,3.433,3.476,3.68,3.836,4.059,4.067,4.475,5.423,6.049,6.402,6.786,7.944,9.02,8.55,8.757,9.566,9.267,10.189,10.754,9.752,10.463,11.151,11.798,12.542,13.339,14.054,2015
867,MHL,NGDPD,Marshall Islands,"Gross domestic product, current prices","Values are based upon GDP in national currency converted to U.S. dollars using market exchange rates (yearly average). Exchange rate projections are provided by country economists for the group of other emerging market and developing countries. Exchanges rates for advanced economies are established in the WEO assumptions for each WEO exercise. Expenditure-based GDP is total final expenditures at purchasers? prices (including the f.o.b. value of exports of goods and services), less the f.o.b. value of imports of goods and services. [SNA 1993]",U.S. dollars,Billions,"See notes for:  Gross domestic product, current prices (National currency).",n/a,n/a,n/a,n/a,n/a,n/a,n/a,n/a,n/a,n/a,n/a,n/a,n/a,n/a,n/a,n/a,n/a,0.106,0.109,0.108,0.111,0.115,0.125,0.127,0.131,0.138,0.144,0.15,0.153,0.152,0.164,0.173,0.184,0.19,0.187,0.185,0.188,0.193,0.199,0.204,0.211,0.217,2014
682,MRT,NGDPD,Mauritania,"Gross domestic product, current prices","Values are based upon GDP in national currency converted to U.S. dollars using market exchange rates (yearly average). Exchange rate projections are provided by country economists for the group of other emerging market and developing countries. Exchanges rates for advanced economies are established in the WEO assumptions for each WEO exercise. Expenditure-based GDP is total final expenditures at purchasers? prices (including the f.o.b. value of exports of goods and services), less the f.o.b. value of imports of goods and services. [SNA 1993]",U.S. dollars,Billions,"See notes for:  Gross domestic product, current prices (National currency).",n/a,n/a,n/a,n/a,n/a,n/a,n/a,n/a,n/a,n/a,1.213,1.39,1.464,1.25,1.316,1.415,1.443,1.402,1.371,1.406,1.294,1.296,1.324,1.563,1.831,2.184,3.11,3.343,3.978,3.671,4.344,5.18,5.226,5.724,5.526,4.861,4.718,4.791,4.807,4.951,5.249,5.514,2014
684,MUS,NGDPD,Mauritius,"Gross domestic product, current prices","Values are based upon GDP in national currency converted to U.S. dollars using market exchange rates (yearly average). Exchange rate projections are provided by country economists for the group of other emerging market and developing countries. Exchanges rates for advanced economies are established in the WEO assumptions for each WEO exercise. Expenditure-based GDP is total final expenditures at purchasers? prices (including the f.o.b. value of exports of goods and services), less the f.o.b. value of imports of goods and services. [SNA 1993]",U.S. dollars,Billions,"See notes for:  Gross domestic product, current prices (National currency).",1.262,1.25,1.147,1.187,1.149,1.068,1.346,1.798,2.181,2.28,2.508,2.99,3.154,3.584,3.615,4.18,4.388,4.491,4.369,4.408,4.663,4.614,4.942,6.092,6.389,6.251,6.258,8.401,8.547,9.639,9.795,11.035,11.222,11.932,12.613,11.511,11.74,12.476,13.171,13.972,14.831,15.641,2015
273,MEX,NGDPD,Mexico,"Gross domestic product, current prices","Values are based upon GDP in national currency converted to U.S. dollars using market exchange rates (yearly average). Exchange rate projections are provided by country economists for the group of other emerging market and developing countries. Exchanges rates for advanced economies are established in the WEO assumptions for each WEO exercise. Expenditure-based GDP is total final expenditures at purchasers? prices (including the f.o.b. value of exports of goods and services), less the f.o.b. value of imports of goods and services. [SNA 1993]",U.S. dollars,Billions,"See notes for:  Gross domestic product, current prices (National currency).",234.618,301.328,218.68,178.282,210.246,223.104,154.47,169.397,207.235,252.549,298.037,357.292,414.348,504.022,527.316,343.814,397.402,480.557,502.029,579.452,683.65,724.691,741.563,713.283,770.27,866.346,966.867,"1,043.47","1,101.27",894.95,"1,051.13","1,171.19","1,186.60","1,261.98","1,298.18","1,143.80","1,063.61","1,124.32","1,182.51","1,250.76","1,324.52","1,402.92",2015
868,FSM,NGDPD,Micronesia,"Gross domestic product, current prices","Values are based upon GDP in national currency converted to U.S. dollars using market exchange rates (yearly average). Exchange rate projections are provided by country economists for the group of other emerging market and developing countries. Exchanges rates for advanced economies are established in the WEO assumptions for each WEO exercise. Expenditure-based GDP is total final expenditures at purchasers? prices (including the f.o.b. value of exports of goods and services), less the f.o.b. value of imports of goods and services. [SNA 1993]",U.S. dollars,Billions,"See notes for:  Gross domestic product, current prices (National currency).",n/a,n/a,n/a,n/a,n/a,n/a,n/a,n/a,n/a,n/a,n/a,n/a,n/a,n/a,n/a,0.222,0.219,0.207,0.22,0.221,0.233,0.24,0.241,0.245,0.239,0.249,0.253,0.256,0.262,0.279,0.296,0.31,0.326,0.316,0.318,0.318,0.325,0.332,0.34,0.35,0.358,0.367,2013
921,MDA,NGDPD,Moldova,"Gross domestic product, current prices","Values are based upon GDP in national currency converted to U.S. dollars using market exchange rates (yearly average). Exchange rate projections are provided by country economists for the group of other emerging market and developing countries. Exchanges rates for advanced economies are established in the WEO assumptions for each WEO exercise. Expenditure-based GDP is total final expenditures at purchasers? prices (including the f.o.b. value of exports of goods and services), less the f.o.b. value of imports of goods and services. [SNA 1993]",U.S. dollars,Billions,"See notes for:  Gross domestic product, current prices (National currency).",n/a,n/a,n/a,n/a,n/a,n/a,n/a,n/a,n/a,n/a,n/a,n/a,0.864,1.11,1.158,1.441,1.694,1.928,1.697,1.172,1.315,1.481,1.662,1.981,2.598,2.988,3.408,4.401,6.055,5.438,5.813,7.018,7.283,7.985,7.983,6.475,6.65,7.034,7.363,7.833,8.309,8.755,2015
948,MNG,NGDPD,Mongolia,"Gross domestic product, current prices","Values are based upon GDP in national currency converted to U.S. dollars using market exchange rates (yearly average). Exchange rate projections are provided by country economists for the group of other emerging market and developing countries. Exchanges rates for advanced economies are established in the WEO assumptions for each WEO exercise. Expenditure-based GDP is total final expenditures at purchasers? prices (including the f.o.b. value of exports of goods and services), less the f.o.b. value of imports of goods and services. [SNA 1993]",U.S. dollars,Billions,"See notes for:  Gross domestic product, current prices (National currency).",3.188,3.336,3.463,3.59,3.316,3.851,4.25,4.776,4.797,4.997,3.131,3.297,1.831,0.902,1.082,1.697,1.573,1.38,1.314,1.236,1.329,1.485,1.634,1.864,2.317,2.93,4.084,5.37,8.084,5.976,7.185,10.41,12.293,12.582,12.196,11.718,11.164,11.185,11.746,12.601,13.81,14.804,2015
943,MNE,NGDPD,Montenegro,"Gross domestic product, current prices","Values are based upon GDP in national currency converted to U.S. dollars using market exchange rates (yearly average). Exchange rate projections are provided by country economists for the group of other emerging market and developing countries. Exchanges rates for advanced economies are established in the WEO assumptions for each WEO exercise. Expenditure-based GDP is total final expenditures at purchasers? prices (including the f.o.b. value of exports of goods and services), less the f.o.b. value of imports of goods and services. [SNA 1993]",U.S. dollars,Billions,"See notes for:  Gross domestic product, current prices (National currency).",n/a,n/a,n/a,n/a,n/a,n/a,n/a,n/a,n/a,n/a,n/a,n/a,n/a,n/a,n/a,n/a,n/a,n/a,n/a,n/a,0.985,1.16,1.285,1.708,2.076,2.261,2.698,3.674,4.541,4.152,4.147,4.543,4.09,4.466,4.595,3.989,4.242,4.455,4.648,4.947,5.23,5.577,2014
686,MAR,NGDPD,Morocco,"Gross domestic product, current prices","Values are based upon GDP in national currency converted to U.S. dollars using market exchange rates (yearly average). Exchange rate projections are provided by country economists for the group of other emerging market and developing countries. Exchanges rates for advanced economies are established in the WEO assumptions for each WEO exercise. Expenditure-based GDP is total final expenditures at purchasers? prices (including the f.o.b. value of exports of goods and services), less the f.o.b. value of imports of goods and services. [SNA 1993]",U.S. dollars,Billions,"See notes for:  Gross domestic product, current prices (National currency).",21.998,17.86,18.028,16.296,14.904,15.043,19.864,21.911,25.947,26.706,30.18,32.286,33.712,31.656,35.605,39.029,43.162,39.147,41.806,41.632,38.859,39.46,42.238,52.064,59.626,62.343,68.641,79.041,92.507,92.897,93.217,101.371,98.266,106.826,109.881,100.593,104.908,111.085,116.997,124.575,132.976,141.481,2015
688,MOZ,NGDPD,Mozambique,"Gross domestic product, current prices","Values are based upon GDP in national currency converted to U.S. dollars using market exchange rates (yearly average). Exchange rate projections are provided by country economists for the group of other emerging market and developing countries. Exchanges rates for advanced economies are established in the WEO assumptions for each WEO exercise. Expenditure-based GDP is total final expenditures at purchasers? prices (including the f.o.b. value of exports of goods and services), less the f.o.b. value of imports of goods and services. [SNA 1993]",U.S. dollars,Billions,"See notes for:  Gross domestic product, current prices (National currency).",5.401,4.195,4.285,3.838,3.998,5.285,6.203,2.803,2.463,2.574,4.13,3.217,2.177,2.265,2.458,2.524,3.468,4.11,4.718,5.167,4.667,4.567,4.977,5.549,6.749,7.595,8.304,9.466,11.555,11.243,10.457,13.131,15.178,16.013,16.872,14.807,12.045,11.445,12.745,14.068,15.544,17.174,2015
518,MMR,NGDPD,Myanmar,"Gross domestic product, current prices","Values are based upon GDP in national currency converted to U.S. dollars using market exchange rates (yearly average). Exchange rate projections are provided by country economists for the group of other emerging market and developing countries. Exchanges rates for advanced economies are established in the WEO assumptions for each WEO exercise. Expenditure-based GDP is total final expenditures at purchasers? prices (including the f.o.b. value of exports of goods and services), less the f.o.b. value of imports of goods and services. [SNA 1993]",U.S. dollars,Billions,"See notes for:  Gross domestic product, current prices (National currency).",n/a,n/a,n/a,n/a,n/a,n/a,n/a,n/a,n/a,n/a,n/a,n/a,n/a,n/a,n/a,n/a,n/a,n/a,7.441,9.777,10.259,7.462,7.808,12.058,12.173,13.809,16.707,23.25,34.49,37.998,49.541,59.977,59.731,60.134,65.751,62.877,68.277,75.745,83.935,92.775,102.453,113.449,2015
728,NAM,NGDPD,Namibia,"Gross domestic product, current prices","Values are based upon GDP in national currency converted to U.S. dollars using market exchange rates (yearly average). Exchange rate projections are provided by country economists for the group of other emerging market and developing countries. Exchanges rates for advanced economies are established in the WEO assumptions for each WEO exercise. Expenditure-based GDP is total final expenditures at purchasers? prices (including the f.o.b. value of exports of goods and services), less the f.o.b. value of imports of goods and services. [SNA 1993]",U.S. dollars,Billions,"See notes for:  Gross domestic product, current prices (National currency).",n/a,n/a,n/a,n/a,n/a,n/a,n/a,n/a,n/a,n/a,2.838,2.854,3.014,2.891,3.254,3.503,3.494,3.636,3.215,3.384,3.911,3.55,3.369,4.932,6.617,7.258,7.984,8.73,8.496,8.915,11.281,12.423,13.016,12.72,12.864,11.497,10.183,10.905,11.65,12.444,13.309,14.155,2014
558,NPL,NGDPD,Nepal,"Gross domestic product, current prices","Values are based upon GDP in national currency converted to U.S. dollars using market exchange rates (yearly average). Exchange rate projections are provided by country economists for the group of other emerging market and developing countries. Exchanges rates for advanced economies are established in the WEO assumptions for each WEO exercise. Expenditure-based GDP is total final expenditures at purchasers? prices (including the f.o.b. value of exports of goods and services), less the f.o.b. value of imports of goods and services. [SNA 1993]",U.S. dollars,Billions,"See notes for:  Gross domestic product, current prices (National currency).",1.98,2.315,2.34,2.56,2.708,2.812,3.06,3.175,3.743,3.784,3.894,4.261,3.872,4.158,4.344,4.716,4.861,5.284,5.253,5.404,5.731,5.891,5.976,6.328,7.274,8.18,9.044,10.325,12.545,12.855,16.002,19.011,18.852,19.27,19.995,21.314,21.154,23.824,25.936,28.175,30.542,33.029,2015
138,NLD,NGDPD,Netherlands,"Gross domestic product, current prices","Values are based upon GDP in national currency converted to U.S. dollars using market exchange rates (yearly average). Exchange rate projections are provided by country economists for the group of other emerging market and developing countries. Exchanges rates for advanced economies are established in the WEO assumptions for each WEO exercise. Expenditure-based GDP is total final expenditures at purchasers? prices (including the f.o.b. value of exports of goods and services), less the f.o.b. value of imports of goods and services. [SNA 1993]",U.S. dollars,Billions,"See notes for:  Gross domestic product, current prices (National currency).",189.524,158.867,153.892,149.824,139.468,141.524,197.217,241.531,258.309,254.538,314.016,323.511,358.001,348.101,373.918,446.932,445.845,412.717,433.086,442.555,414.018,426.94,467.016,572.958,651.416,679.695,727.287,840.583,940.665,860.108,837.949,894.576,829.406,866.951,881.033,750.696,769.93,799.847,828.468,860,893.249,917.768,2015
196,NZL,NGDPD,New Zealand,"Gross domestic product, current prices","Values are based upon GDP in national currency converted to U.S. dollars using market exchange rates (yearly average). Exchange rate projections are provided by country economists for the group of other emerging market and developing countries. Exchanges rates for advanced economies are established in the WEO assumptions for each WEO exercise. Expenditure-based GDP is total final expenditures at purchasers? prices (including the f.o.b. value of exports of goods and services), less the f.o.b. value of imports of goods and services. [SNA 1993]",U.S. dollars,Billions,"See notes for:  Gross domestic product, current prices (National currency).",22.52,23.439,23.205,22.453,22.347,22.516,27.399,36.93,45.439,44.062,45.774,43.58,41.596,44.8,52.862,62.198,69.09,68.895,56.775,58.867,54.121,53.106,62.036,82.466,101.577,113.204,109.77,134.928,135.552,121.692,145.36,167.108,175.583,185.99,197.988,172.257,179.359,192.816,202.379,212.936,224.908,235.526,2015
278,NIC,NGDPD,Nicaragua,"Gross domestic product, current prices","Values are based upon GDP in national currency converted to U.S. dollars using market exchange rates (yearly average). Exchange rate projections are provided by country economists for the group of other emerging market and developing countries. Exchanges rates for advanced economies are established in the WEO assumptions for each WEO exercise. Expenditure-based GDP is total final expenditures at purchasers? prices (including the f.o.b. value of exports of goods and services), less the f.o.b. value of imports of goods and services. [SNA 1993]",U.S. dollars,Billions,"See notes for:  Gross domestic product, current prices (National currency).",1.832,2.156,2.497,2.9,3.966,3.854,5.8,3.409,1.499,2.082,0.519,3.678,3.894,3.726,3.861,4.14,4.308,4.39,4.635,4.856,5.109,5.335,5.224,5.322,5.793,6.321,6.786,7.458,8.491,8.379,8.741,9.756,10.439,10.875,11.79,12.693,13.413,14.294,15.241,16.215,17.25,18.393,2015
692,NER,NGDPD,Niger,"Gross domestic product, current prices","Values are based upon GDP in national currency converted to U.S. dollars using market exchange rates (yearly average). Exchange rate projections are provided by country economists for the group of other emerging market and developing countries. Exchanges rates for advanced economies are established in the WEO assumptions for each WEO exercise. Expenditure-based GDP is total final expenditures at purchasers? prices (including the f.o.b. value of exports of goods and services), less the f.o.b. value of imports of goods and services. [SNA 1993]",U.S. dollars,Billions,"See notes for:  Gross domestic product, current prices (National currency).",2.509,2.171,2.018,1.803,1.461,1.44,1.904,2.233,2.28,2.18,2.48,2.328,2.345,2.221,1.563,1.756,1.88,1.733,1.981,1.916,1.671,1.815,2.073,2.645,2.901,3.375,3.65,4.29,5.429,5.411,5.729,6.415,6.946,7.67,8.258,7.175,7.566,8.141,8.78,9.69,10.517,11.463,2014
694,NGA,NGDPD,Nigeria,"Gross domestic product, current prices","Values are based upon GDP in national currency converted to U.S. dollars using market exchange rates (yearly average). Exchange rate projections are provided by country economists for the group of other emerging market and developing countries. Exchanges rates for advanced economies are established in the WEO assumptions for each WEO exercise. Expenditure-based GDP is total final expenditures at purchasers? prices (including the f.o.b. value of exports of goods and services), less the f.o.b. value of imports of goods and services. [SNA 1993]",U.S. dollars,Billions,"See notes for:  Gross domestic product, current prices (National currency).",n/a,n/a,n/a,n/a,n/a,n/a,n/a,n/a,n/a,n/a,62.165,60.131,52.275,56.807,80.128,132.23,172.686,187.866,209.677,57.477,67.824,73.128,93.983,102.935,130.345,169.645,222.791,262.215,330.26,297.458,369.062,414.095,460.952,514.965,568.496,493.831,415.08,413.685,443.932,459.113,482.716,504.636,2015
142,NOR,NGDPD,Norway,"Gross domestic product, current prices","Values are based upon GDP in national currency converted to U.S. dollars using market exchange rates (yearly average). Exchange rate projections are provided by country economists for the group of other emerging market and developing countries. Exchanges rates for advanced economies are established in the WEO assumptions for each WEO exercise. Expenditure-based GDP is total final expenditures at purchasers? prices (including the f.o.b. value of exports of goods and services), less the f.o.b. value of imports of goods and services. [SNA 1993]",U.S. dollars,Billions,"See notes for:  Gross domestic product, current prices (National currency).",64.448,63.605,62.653,61.631,62.081,65.436,78.714,94.24,101.91,102.648,119.796,121.903,130.892,120.267,127.094,152.047,163.52,161.374,154.18,162.316,171.333,174.017,195.423,227.62,264.199,308.679,345.393,400.886,461.946,386.382,428.527,498.157,509.705,522.746,500.519,388.315,376.268,392.708,405.726,419.35,432.002,440.752,2015
449,OMN,NGDPD,Oman,"Gross domestic product, current prices","Values are based upon GDP in national currency converted to U.S. dollars using market exchange rates (yearly average). Exchange rate projections are provided by country economists for the group of other emerging market and developing countries. Exchanges rates for advanced economies are established in the WEO assumptions for each WEO exercise. Expenditure-based GDP is total final expenditures at purchasers? prices (including the f.o.b. value of exports of goods and services), less the f.o.b. value of imports of goods and services. [SNA 1993]",U.S. dollars,Billions,"See notes for:  Gross domestic product, current prices (National currency).",6.13,7.461,7.829,8.206,9.044,10.047,7.954,8.339,8.105,9.058,11.294,10.919,11.98,11.994,12.397,13.261,14.712,15.232,13.392,15.002,18.91,18.815,19.459,20.896,23.932,30.171,36.142,40.765,59.251,46.714,56.827,67.706,75.433,78.183,81.797,64.121,59.675,65.796,70.249,73.463,77.109,80.842,2015
564,PAK,NGDPD,Pakistan,"Gross domestic product, current prices","Values are based upon GDP in national currency converted to U.S. dollars using market exchange rates (yearly average). Exchange rate projections are provided by country economists for the group of other emerging market and developing countries. Exchanges rates for advanced economies are established in the WEO assumptions for each WEO exercise. Expenditure-based GDP is total final expenditures at purchasers? prices (including the f.o.b. value of exports of goods and services), less the f.o.b. value of imports of goods and services. [SNA 1993]",U.S. dollars,Billions,"See notes for:  Gross domestic product, current prices (National currency).",30.938,36.599,40.012,37.369,40.573,40.566,41.543,43.437,50.108,52.256,52.429,59.556,63.727,67.443,67.998,79.452,82.969,81.808,81.487,82.521,79.705,77.933,77.937,89.689,105.607,118.475,137.236,152.369,170.853,167.875,177.166,213.588,224.384,231.218,244.361,271.05,n/a,n/a,n/a,n/a,n/a,n/a,2015
565,PLW,NGDPD,Palau,"Gross domestic product, current prices","Values are based upon GDP in national currency converted to U.S. dollars using market exchange rates (yearly average). Exchange rate projections are provided by country economists for the group of other emerging market and developing countries. Exchanges rates for advanced economies are established in the WEO assumptions for each WEO exercise. Expenditure-based GDP is total final expenditures at purchasers? prices (including the f.o.b. value of exports of goods and services), less the f.o.b. value of imports of goods and services. [SNA 1993]",U.S. dollars,Billions,"See notes for:  Gross domestic product, current prices (National currency).",n/a,n/a,n/a,n/a,n/a,n/a,n/a,n/a,n/a,n/a,n/a,n/a,n/a,n/a,n/a,n/a,n/a,n/a,n/a,n/a,0.149,0.16,0.164,0.16,0.175,0.193,0.195,0.196,0.198,0.186,0.184,0.2,0.214,0.229,0.251,0.287,0.296,0.319,0.341,0.362,0.38,0.396,2014
283,PAN,NGDPD,Panama,"Gross domestic product, current prices","Values are based upon GDP in national currency converted to U.S. dollars using market exchange rates (yearly average). Exchange rate projections are provided by country economists for the group of other emerging market and developing countries. Exchanges rates for advanced economies are established in the WEO assumptions for each WEO exercise. Expenditure-based GDP is total final expenditures at purchasers? prices (including the f.o.b. value of exports of goods and services), less the f.o.b. value of imports of goods and services. [SNA 1993]",U.S. dollars,Billions,"See notes for:  Gross domestic product, current prices (National currency).",4.039,4.571,5.05,5.185,5.412,5.726,5.95,5.976,5.167,5.181,5.632,6.193,7.04,7.688,8.198,8.38,9.881,10.677,11.575,12.13,12.304,12.502,12.994,13.694,15.013,16.374,18.145,20.958,24.522,26.594,28.917,34.374,39.955,44.856,49.166,52.132,55.227,59.307,64.183,69.591,75.313,81.428,2015
853,PNG,NGDPD,Papua New Guinea,"Gross domestic product, current prices","Values are based upon GDP in national currency converted to U.S. dollars using market exchange rates (yearly average). Exchange rate projections are provided by country economists for the group of other emerging market and developing countries. Exchanges rates for advanced economies are established in the WEO assumptions for each WEO exercise. Expenditure-based GDP is total final expenditures at purchasers? prices (including the f.o.b. value of exports of goods and services), less the f.o.b. value of imports of goods and services. [SNA 1993]",U.S. dollars,Billions,"See notes for:  Gross domestic product, current prices (National currency).",4.158,4.081,3.871,3.865,3.57,3.306,3.597,3.953,5.494,5.329,4.84,5.693,6.578,7.477,8.217,7.273,7.74,7.398,5.655,5.16,5.258,4.61,4.58,5.584,6.276,7.312,8.306,9.439,11.549,11.55,14.205,17.953,21.268,21.144,21.823,21.185,19.915,20.762,21.626,23.01,24.615,26.473,2013
288,PRY,NGDPD,Paraguay,"Gross domestic product, current prices","Values are based upon GDP in national currency converted to U.S. dollars using market exchange rates (yearly average). Exchange rate projections are provided by country economists for the group of other emerging market and developing countries. Exchanges rates for advanced economies are established in the WEO assumptions for each WEO exercise. Expenditure-based GDP is total final expenditures at purchasers? prices (including the f.o.b. value of exports of goods and services), less the f.o.b. value of imports of goods and services. [SNA 1993]",U.S. dollars,Billions,"See notes for:  Gross domestic product, current prices (National currency).",4.095,5.22,5.47,6.069,4.931,4.214,5.032,4.216,5.584,4.046,4.904,6.984,7.158,7.249,7.871,9.062,9.788,9.965,9.025,8.393,8.196,7.663,6.325,6.588,8.034,8.735,10.646,13.795,18.503,15.934,20.048,25.1,24.595,28.966,30.881,27.714,27.323,28.581,30.248,32.053,33.995,35.983,2015
293,PER,NGDPD,Peru,"Gross domestic product, current prices","Values are based upon GDP in national currency converted to U.S. dollars using market exchange rates (yearly average). Exchange rate projections are provided by country economists for the group of other emerging market and developing countries. Exchanges rates for advanced economies are established in the WEO assumptions for each WEO exercise. Expenditure-based GDP is total final expenditures at purchasers? prices (including the f.o.b. value of exports of goods and services), less the f.o.b. value of imports of goods and services. [SNA 1993]",U.S. dollars,Billions,"See notes for:  Gross domestic product, current prices (National currency).",20.186,24.394,24.254,18.859,19.439,16.82,25.236,41.673,32.971,40.692,28.32,33.988,35.376,34.329,43.792,52.139,54.09,56.911,54.6,49.378,51.005,51.613,54.455,59.043,66.71,74.969,87.883,102.19,121.616,121.228,148.562,170.605,192.495,201.979,202.841,192.113,180.291,192.619,204.857,217.226,230.374,245.183,2015
566,PHL,NGDPD,Philippines,"Gross domestic product, current prices","Values are based upon GDP in national currency converted to U.S. dollars using market exchange rates (yearly average). Exchange rate projections are provided by country economists for the group of other emerging market and developing countries. Exchanges rates for advanced economies are established in the WEO assumptions for each WEO exercise. Expenditure-based GDP is total final expenditures at purchasers? prices (including the f.o.b. value of exports of goods and services), less the f.o.b. value of imports of goods and services. [SNA 1993]",U.S. dollars,Billions,"See notes for:  Gross domestic product, current prices (National currency).",36.045,39.595,41.254,36.891,34.857,33.995,33.174,36.871,42.082,47.291,49.095,50.32,58.695,60.237,71.003,82.121,91.792,91.234,72.207,82.995,81.023,76.262,81.358,83.908,91.371,103.074,122.211,149.36,173.603,168.485,199.591,224.143,250.092,271.836,284.829,292.451,311.687,348.593,389.484,435.905,487.989,542.88,2015
964,POL,NGDPD,Poland,"Gross domestic product, current prices","Values are based upon GDP in national currency converted to U.S. dollars using market exchange rates (yearly average). Exchange rate projections are provided by country economists for the group of other emerging market and developing countries. Exchanges rates for advanced economies are established in the WEO assumptions for each WEO exercise. Expenditure-based GDP is total final expenditures at purchasers? prices (including the f.o.b. value of exports of goods and services), less the f.o.b. value of imports of goods and services. [SNA 1993]",U.S. dollars,Billions,"See notes for:  Gross domestic product, current prices (National currency).",56.619,53.647,65.187,75.406,75.507,70.775,73.677,63.714,68.612,66.895,62.084,80.451,88.713,90.366,103.683,139.089,156.684,157.183,172.05,167.799,171.276,190.43,198.679,217.514,253.709,304.43,343.272,429.172,530.17,436.817,479.082,528.481,500.713,524.223,544.877,474.775,467.35,488.423,517.149,548.511,582.712,613.887,2015
182,PRT,NGDPD,Portugal,"Gross domestic product, current prices","Values are based upon GDP in national currency converted to U.S. dollars using market exchange rates (yearly average). Exchange rate projections are provided by country economists for the group of other emerging market and developing countries. Exchanges rates for advanced economies are established in the WEO assumptions for each WEO exercise. Expenditure-based GDP is total final expenditures at purchasers? prices (including the f.o.b. value of exports of goods and services), less the f.o.b. value of imports of goods and services. [SNA 1993]",U.S. dollars,Billions,"See notes for:  Gross domestic product, current prices (National currency).",32.611,32.48,30.681,28.27,25.954,27.233,37.873,47.391,55.44,59.812,79.447,89.913,108.13,95.149,99.702,118.223,122.659,117.248,124.168,127.633,118.706,121.65,134.704,165.28,189.444,197.642,208.75,240.502,263.249,244.364,238.748,245.12,216.488,226.144,230.483,199.032,205.86,213.001,219.604,227,235.232,241.464,2015
359,PRI,NGDPD,Puerto Rico,"Gross domestic product, current prices","Values are based upon GDP in national currency converted to U.S. dollars using market exchange rates (yearly average). Exchange rate projections are provided by country economists for the group of other emerging market and developing countries. Exchanges rates for advanced economies are established in the WEO assumptions for each WEO exercise. Expenditure-based GDP is total final expenditures at purchasers? prices (including the f.o.b. value of exports of goods and services), less the f.o.b. value of imports of goods and services. [SNA 1993]",U.S. dollars,Billions,"See notes for:  Gross domestic product, current prices (National currency).",14.436,15.956,16.764,17.277,19.163,20.289,21.969,23.878,26.178,28.267,30.604,32.287,34.63,36.923,39.691,42.647,45.341,48.187,54.086,57.841,61.702,69.669,72.546,75.834,80.322,83.915,87.276,89.524,93.639,96.386,98.381,100.352,101.565,102.45,102.089,102.906,100.852,100.467,100.081,100.3,100.676,101.437,2015
453,QAT,NGDPD,Qatar,"Gross domestic product, current prices","Values are based upon GDP in national currency converted to U.S. dollars using market exchange rates (yearly average). Exchange rate projections are provided by country economists for the group of other emerging market and developing countries. Exchanges rates for advanced economies are established in the WEO assumptions for each WEO exercise. Expenditure-based GDP is total final expenditures at purchasers? prices (including the f.o.b. value of exports of goods and services), less the f.o.b. value of imports of goods and services. [SNA 1993]",U.S. dollars,Billions,"See notes for:  Gross domestic product, current prices (National currency).",7.829,8.661,7.597,6.468,6.704,6.272,4.95,5.216,5.004,5.288,7.36,6.884,7.646,7.157,7.374,8.138,9.059,11.298,10.255,12.393,17.76,17.538,19.364,23.534,31.734,44.53,60.882,79.712,115.27,97.798,125.122,169.805,190.29,201.885,210.109,166.908,156.595,170.79,189.114,203.053,215.721,228.572,2014
968,ROU,NGDPD,Romania,"Gross domestic product, current prices","Values are based upon GDP in national currency converted to U.S. dollars using market exchange rates (yearly average). Exchange rate projections are provided by country economists for the group of other emerging market and developing countries. Exchanges rates for advanced economies are established in the WEO assumptions for each WEO exercise. Expenditure-based GDP is total final expenditures at purchasers? prices (including the f.o.b. value of exports of goods and services), less the f.o.b. value of imports of goods and services. [SNA 1993]",U.S. dollars,Billions,"See notes for:  Gross domestic product, current prices (National currency).",46.348,55.674,55.729,48.711,39.361,48.595,52.625,58.852,60.925,54.583,38.762,29.256,19.906,26.795,30.571,36.067,35.921,35.872,42.815,36.183,37.466,40.717,46.174,59.868,76.217,99.699,123.534,171.679,209.664,168.036,167.986,186.113,171.662,191.56,199.374,177.956,186.514,197.004,210.1,224.235,239.553,253.301,2015
922,RUS,NGDPD,Russia,"Gross domestic product, current prices","Values are based upon GDP in national currency converted to U.S. dollars using market exchange rates (yearly average). Exchange rate projections are provided by country economists for the group of other emerging market and developing countries. Exchanges rates for advanced economies are established in the WEO assumptions for each WEO exercise. Expenditure-based GDP is total final expenditures at purchasers? prices (including the f.o.b. value of exports of goods and services), less the f.o.b. value of imports of goods and services. [SNA 1993]",U.S. dollars,Billions,"See notes for:  Gross domestic product, current prices (National currency).",n/a,n/a,n/a,n/a,n/a,n/a,n/a,n/a,n/a,n/a,n/a,n/a,91.941,197.428,297.487,336.82,420.966,435.112,291.23,210.492,279.033,329.407,371.213,462.332,634.999,820.568,"1,063.64","1,396.48","1,784.51","1,313.68","1,638.46","2,031.77","2,170.15","2,230.62","2,030.97","1,326.02","1,267.75","1,442.41","1,530.25","1,610.14","1,698.19","1,786.24",2015
714,RWA,NGDPD,Rwanda,"Gross domestic product, current prices","Values are based upon GDP in national currency converted to U.S. dollars using market exchange rates (yearly average). Exchange rate projections are provided by country economists for the group of other emerging market and developing countries. Exchanges rates for advanced economies are established in the WEO assumptions for each WEO exercise. Expenditure-based GDP is total final expenditures at purchasers? prices (including the f.o.b. value of exports of goods and services), less the f.o.b. value of imports of goods and services. [SNA 1993]",U.S. dollars,Billions,"See notes for:  Gross domestic product, current prices (National currency).",1.259,1.429,1.525,1.629,1.56,1.853,2.1,2.331,2.495,2.605,2.491,1.837,1.95,1.881,1.195,1.239,1.343,1.808,1.93,1.797,1.718,1.675,1.669,1.835,2.091,2.584,3.11,3.775,4.797,5.309,5.697,6.407,7.223,7.522,7.904,8.111,8.341,8.569,8.941,9.59,10.482,11.452,2014
862,WSM,NGDPD,Samoa,"Gross domestic product, current prices","Values are based upon GDP in national currency converted to U.S. dollars using market exchange rates (yearly average). Exchange rate projections are provided by country economists for the group of other emerging market and developing countries. Exchanges rates for advanced economies are established in the WEO assumptions for each WEO exercise. Expenditure-based GDP is total final expenditures at purchasers? prices (including the f.o.b. value of exports of goods and services), less the f.o.b. value of imports of goods and services. [SNA 1993]",U.S. dollars,Billions,"See notes for:  Gross domestic product, current prices (National currency).",0.127,0.119,0.122,0.113,0.111,0.106,0.112,0.124,0.138,0.142,0.182,0.177,0.193,0.198,0.158,0.242,0.258,0.28,0.321,0.286,0.281,0.301,0.293,0.311,0.377,0.465,0.522,0.553,0.626,0.653,0.57,0.696,0.772,0.799,0.817,0.839,0.876,0.899,0.934,0.966,1.003,1.042,2015
135,SMR,NGDPD,San Marino,"Gross domestic product, current prices","Values are based upon GDP in national currency converted to U.S. dollars using market exchange rates (yearly average). Exchange rate projections are provided by country economists for the group of other emerging market and developing countries. Exchanges rates for advanced economies are established in the WEO assumptions for each WEO exercise. Expenditure-based GDP is total final expenditures at purchasers? prices (including the f.o.b. value of exports of goods and services), less the f.o.b. value of imports of goods and services. [SNA 1993]",U.S. dollars,Billions,"See notes for:  Gross domestic product, current prices (National currency).",n/a,n/a,n/a,n/a,n/a,n/a,n/a,n/a,n/a,n/a,n/a,n/a,n/a,n/a,n/a,n/a,n/a,n/a,n/a,n/a,n/a,n/a,n/a,n/a,1.88,1.962,2.095,2.491,2.765,2.369,2.143,2.056,1.802,1.866,1.848,1.558,1.556,1.603,1.65,1.7,1.756,1.799,2014
716,STP,NGDPD,S? Tom?and Pr?cipe,"Gross domestic product, current prices","Values are based upon GDP in national currency converted to U.S. dollars using market exchange rates (yearly average). Exchange rate projections are provided by country economists for the group of other emerging market and developing countries. Exchanges rates for advanced economies are established in the WEO assumptions for each WEO exercise. Expenditure-based GDP is total final expenditures at purchasers? prices (including the f.o.b. value of exports of goods and services), less the f.o.b. value of imports of goods and services. [SNA 1993]",U.S. dollars,Billions,"See notes for:  Gross domestic product, current prices (National currency).",0.069,0.084,0.081,0.076,0.079,0.083,0.117,0.118,0.1,0.099,0.12,0.108,0.096,0.127,0.132,0.104,0.034,0.046,0.054,0.056,0.058,0.072,0.081,0.098,0.108,0.13,0.14,0.148,0.194,0.2,0.209,0.254,0.26,0.303,0.337,0.318,0.351,0.375,0.403,0.437,0.478,0.506,2015
456,SAU,NGDPD,Saudi Arabia,"Gross domestic product, current prices","Values are based upon GDP in national currency converted to U.S. dollars using market exchange rates (yearly average). Exchange rate projections are provided by country economists for the group of other emerging market and developing countries. Exchanges rates for advanced economies are established in the WEO assumptions for each WEO exercise. Expenditure-based GDP is total final expenditures at purchasers? prices (including the f.o.b. value of exports of goods and services), less the f.o.b. value of imports of goods and services. [SNA 1993]",U.S. dollars,Billions,"See notes for:  Gross domestic product, current prices (National currency).",164.54,184.291,153.24,129.181,119.631,103.894,86.886,85.582,88.138,95.217,117.473,132.047,136.905,132.791,134.995,143.152,158.451,165.742,146.775,161.717,189.515,184.137,189.606,215.808,258.742,328.206,376.398,415.687,519.797,429.098,526.811,669.507,733.956,744.336,753.832,646.002,637.785,689.004,740.218,777.819,816.567,854.62,2015
722,SEN,NGDPD,Senegal,"Gross domestic product, current prices","Values are based upon GDP in national currency converted to U.S. dollars using market exchange rates (yearly average). Exchange rate projections are provided by country economists for the group of other emerging market and developing countries. Exchanges rates for advanced economies are established in the WEO assumptions for each WEO exercise. Expenditure-based GDP is total final expenditures at purchasers? prices (including the f.o.b. value of exports of goods and services), less the f.o.b. value of imports of goods and services. [SNA 1993]",U.S. dollars,Billions,"See notes for:  Gross domestic product, current prices (National currency).",3.503,3.177,3.11,2.774,2.706,2.962,4.19,5.041,4.985,4.913,5.717,5.617,6.005,5.679,3.877,4.879,5.066,4.672,5.058,5.151,4.693,4.882,5.352,6.872,8.042,8.722,9.367,11.301,13.439,12.805,12.948,14.388,14.235,14.858,15.362,13.665,14.87,16.172,17.633,19.332,21.222,23.087,2015
942,SRB,NGDPD,Serbia,"Gross domestic product, current prices","Values are based upon GDP in national currency converted to U.S. dollars using market exchange rates (yearly average). Exchange rate projections are provided by country economists for the group of other emerging market and developing countries. Exchanges rates for advanced economies are established in the WEO assumptions for each WEO exercise. Expenditure-based GDP is total final expenditures at purchasers? prices (including the f.o.b. value of exports of goods and services), less the f.o.b. value of imports of goods and services. [SNA 1993]",U.S. dollars,Billions,"See notes for:  Gross domestic product, current prices (National currency).",n/a,n/a,n/a,n/a,n/a,n/a,n/a,n/a,n/a,n/a,n/a,n/a,n/a,n/a,n/a,n/a,n/a,n/a,n/a,n/a,9.312,12.313,16.177,21.219,24.743,26.075,30.721,40.499,49.165,42.611,39.035,46.488,40.734,45.52,44.211,36.513,37.755,39.541,42.139,45.135,48.605,51.869,2015
718,SYC,NGDPD,Seychelles,"Gross domestic product, current prices","Values are based upon GDP in national currency converted to U.S. dollars using market exchange rates (yearly average). Exchange rate projections are provided by country economists for the group of other emerging market and developing countries. Exchanges rates for advanced economies are established in the WEO assumptions for each WEO exercise. Expenditure-based GDP is total final expenditures at purchasers? prices (including the f.o.b. value of exports of goods and services), less the f.o.b. value of imports of goods and services. [SNA 1993]",U.S. dollars,Billions,"See notes for:  Gross domestic product, current prices (National currency).",0.147,0.154,0.148,0.147,0.151,0.169,0.208,0.249,0.284,0.305,0.369,0.374,0.434,0.474,0.486,0.508,0.503,0.563,0.608,0.623,0.615,0.622,0.698,0.706,0.839,0.919,1.016,1.034,0.998,0.847,0.97,1.018,1.06,1.315,1.349,1.359,1.419,1.493,1.585,1.668,1.765,1.858,2014
724,SLE,NGDPD,Sierra Leone,"Gross domestic product, current prices","Values are based upon GDP in national currency converted to U.S. dollars using market exchange rates (yearly average). Exchange rate projections are provided by country economists for the group of other emerging market and developing countries. Exchanges rates for advanced economies are established in the WEO assumptions for each WEO exercise. Expenditure-based GDP is total final expenditures at purchasers? prices (including the f.o.b. value of exports of goods and services), less the f.o.b. value of imports of goods and services. [SNA 1993]",U.S. dollars,Billions,"See notes for:  Gross domestic product, current prices (National currency).",1.701,1.823,2.05,1.782,2.062,1.755,1.314,1.145,1.877,1.724,0.941,1.139,0.969,1.089,1.306,1.262,1.296,1.201,0.956,0.956,0.941,1.084,1.25,1.38,1.439,1.649,1.884,2.159,2.511,2.454,2.578,2.942,3.802,4.916,5.007,4.399,4.289,4.444,4.757,5.117,5.512,5.924,2014
576,SGP,NGDPD,Singapore,"Gross domestic product, current prices","Values are based upon GDP in national currency converted to U.S. dollars using market exchange rates (yearly average). Exchange rate projections are provided by country economists for the group of other emerging market and developing countries. Exchanges rates for advanced economies are established in the WEO assumptions for each WEO exercise. Expenditure-based GDP is total final expenditures at purchasers? prices (including the f.o.b. value of exports of goods and services), less the f.o.b. value of imports of goods and services. [SNA 1993]",U.S. dollars,Billions,"See notes for:  Gross domestic product, current prices (National currency).",12.079,14.383,15.887,17.998,19.552,18.557,18.763,21.611,26.515,31.393,38.9,45.472,52.13,60.642,73.776,87.888,96.403,100.168,85.715,86.287,95.837,89.288,91.942,97.003,114.184,127.42,147.795,179.981,192.231,192.406,236.42,275.226,289.274,300.288,306.357,292.734,296.642,311.282,322.706,334.713,347.073,357.294,2015
936,SVK,NGDPD,Slovak Republic,"Gross domestic product, current prices","Values are based upon GDP in national currency converted to U.S. dollars using market exchange rates (yearly average). Exchange rate projections are provided by country economists for the group of other emerging market and developing countries. Exchanges rates for advanced economies are established in the WEO assumptions for each WEO exercise. Expenditure-based GDP is total final expenditures at purchasers? prices (including the f.o.b. value of exports of goods and services), less the f.o.b. value of imports of goods and services. [SNA 1993]",U.S. dollars,Billions,"See notes for:  Gross domestic product, current prices (National currency).",n/a,n/a,n/a,n/a,n/a,n/a,n/a,n/a,n/a,n/a,n/a,n/a,n/a,13.669,15.772,19.951,21.579,21.891,22.804,20.841,20.691,21.387,24.854,34.023,43.121,48.887,57.233,76.897,96.79,88.886,89.416,98.015,93.101,98.064,100.406,86.629,90.263,94.76,100.058,106.121,112.874,119.004,2015
961,SVN,NGDPD,Slovenia,"Gross domestic product, current prices","Values are based upon GDP in national currency converted to U.S. dollars using market exchange rates (yearly average). Exchange rate projections are provided by country economists for the group of other emerging market and developing countries. Exchanges rates for advanced economies are established in the WEO assumptions for each WEO exercise. Expenditure-based GDP is total final expenditures at purchasers? prices (including the f.o.b. value of exports of goods and services), less the f.o.b. value of imports of goods and services. [SNA 1993]",U.S. dollars,Billions,"See notes for:  Gross domestic product, current prices (National currency).",n/a,n/a,n/a,n/a,n/a,n/a,n/a,n/a,n/a,n/a,n/a,n/a,19.2,16.564,16.783,21.304,21.493,20.978,22.147,22.746,20.446,20.9,23.603,29.738,34.504,36.401,39.621,48.167,55.853,50.372,48.103,51.338,46.284,47.704,49.609,42.798,44.122,45.917,47.565,49.621,51.837,53.584,2015
813,SLB,NGDPD,Solomon Islands,"Gross domestic product, current prices","Values are based upon GDP in national currency converted to U.S. dollars using market exchange rates (yearly average). Exchange rate projections are provided by country economists for the group of other emerging market and developing countries. Exchanges rates for advanced economies are established in the WEO assumptions for each WEO exercise. Expenditure-based GDP is total final expenditures at purchasers? prices (including the f.o.b. value of exports of goods and services), less the f.o.b. value of imports of goods and services. [SNA 1993]",U.S. dollars,Billions,"See notes for:  Gross domestic product, current prices (National currency).",0.177,0.188,0.187,0.176,0.176,0.16,0.143,0.15,0.171,0.167,0.208,0.22,0.261,0.291,0.369,0.429,0.473,0.495,0.423,0.448,0.381,0.38,0.324,0.314,0.363,0.429,0.471,0.516,0.608,0.598,0.672,0.887,1.025,1.111,1.154,1.146,1.218,1.274,1.338,1.413,1.498,1.55,2014
199,ZAF,NGDPD,South Africa,"Gross domestic product, current prices","Values are based upon GDP in national currency converted to U.S. dollars using market exchange rates (yearly average). Exchange rate projections are provided by country economists for the group of other emerging market and developing countries. Exchanges rates for advanced economies are established in the WEO assumptions for each WEO exercise. Expenditure-based GDP is total final expenditures at purchasers? prices (including the f.o.b. value of exports of goods and services), less the f.o.b. value of imports of goods and services. [SNA 1993]",U.S. dollars,Billions,"See notes for:  Gross domestic product, current prices (National currency).",82.981,85.463,78.415,87.417,77.315,59.102,67.562,88.572,95.207,99.044,115.533,123.964,134.557,134.345,139.804,155.461,147.701,152.611,137.686,136.55,136.453,121.602,115.748,175.254,228.931,257.667,271.812,299.033,287.095,297.221,375.304,416.879,396.346,367.772,351.571,314.732,280.367,288.199,298.359,311.249,325.077,337.56,2015
733,SSD,NGDPD,South Sudan,"Gross domestic product, current prices","Values are based upon GDP in national currency converted to U.S. dollars using market exchange rates (yearly average). Exchange rate projections are provided by country economists for the group of other emerging market and developing countries. Exchanges rates for advanced economies are established in the WEO assumptions for each WEO exercise. Expenditure-based GDP is total final expenditures at purchasers? prices (including the f.o.b. value of exports of goods and services), less the f.o.b. value of imports of goods and services. [SNA 1993]",U.S. dollars,Billions,"See notes for:  Gross domestic product, current prices (National currency).",n/a,n/a,n/a,n/a,n/a,n/a,n/a,n/a,n/a,n/a,n/a,n/a,n/a,n/a,n/a,n/a,n/a,n/a,n/a,n/a,n/a,n/a,n/a,n/a,n/a,n/a,n/a,n/a,n/a,n/a,n/a,17.186,11.267,14.94,14.033,9.34,2.628,3.618,4.286,4.685,5.342,5.252,2014
184,ESP,NGDPD,Spain,"Gross domestic product, current prices","Values are based upon GDP in national currency converted to U.S. dollars using market exchange rates (yearly average). Exchange rate projections are provided by country economists for the group of other emerging market and developing countries. Exchanges rates for advanced economies are established in the WEO assumptions for each WEO exercise. Expenditure-based GDP is total final expenditures at purchasers? prices (including the f.o.b. value of exports of goods and services), less the f.o.b. value of imports of goods and services. [SNA 1993]",U.S. dollars,Billions,"See notes for:  Gross domestic product, current prices (National currency).",230.189,204.082,197.154,172.429,171.955,181.172,250.683,317.602,373.143,411.571,533.945,575.184,628.611,528.008,529.824,612.413,638.5,587.967,616.957,634.384,597.149,626.514,707.642,908.588,"1,071.01","1,159.26","1,265.66","1,481.39","1,642.74","1,502.88","1,434.26","1,489.38","1,340.69","1,369.69","1,383.54","1,199.72","1,252.16","1,302.95","1,348.51","1,400.42","1,456.62","1,499.39",2015
524,LKA,NGDPD,Sri Lanka,"Gross domestic product, current prices","Values are based upon GDP in national currency converted to U.S. dollars using market exchange rates (yearly average). Exchange rate projections are provided by country economists for the group of other emerging market and developing countries. Exchanges rates for advanced economies are established in the WEO assumptions for each WEO exercise. Expenditure-based GDP is total final expenditures at purchasers? prices (including the f.o.b. value of exports of goods and services), less the f.o.b. value of imports of goods and services. [SNA 1993]",U.S. dollars,Billions,"See notes for:  Gross domestic product, current prices (National currency).",4.39,4.568,4.932,5.324,6.24,6.173,6.615,6.889,7.2,7.227,8.273,9.058,9.765,10.44,12.041,12.787,14.025,15.63,16.103,16.193,16.926,16.261,17.113,18.892,20.67,24.418,28.274,32.367,40.72,42.04,49.552,59.157,59.378,67.338,74.924,81.247,82.239,87.626,94.898,102.329,110.551,119.547,2015
361,KNA,NGDPD,St. Kitts and Nevis,"Gross domestic product, current prices","Values are based upon GDP in national currency converted to U.S. dollars using market exchange rates (yearly average). Exchange rate projections are provided by country economists for the group of other emerging market and developing countries. Exchanges rates for advanced economies are established in the WEO assumptions for each WEO exercise. Expenditure-based GDP is total final expenditures at purchasers? prices (including the f.o.b. value of exports of goods and services), less the f.o.b. value of imports of goods and services. [SNA 1993]",U.S. dollars,Billions,"See notes for:  Gross domestic product, current prices (National currency).",0.058,0.069,0.079,0.078,0.091,0.101,0.119,0.136,0.161,0.179,0.203,0.201,0.223,0.243,0.272,0.293,0.312,0.351,0.366,0.389,0.42,0.46,0.48,0.463,0.501,0.543,0.636,0.684,0.735,0.709,0.692,0.728,0.732,0.787,0.865,0.915,0.955,1.006,1.062,1.117,1.173,1.231,2014
362,LCA,NGDPD,St. Lucia,"Gross domestic product, current prices","Values are based upon GDP in national currency converted to U.S. dollars using market exchange rates (yearly average). Exchange rate projections are provided by country economists for the group of other emerging market and developing countries. Exchanges rates for advanced economies are established in the WEO assumptions for each WEO exercise. Expenditure-based GDP is total final expenditures at purchasers? prices (including the f.o.b. value of exports of goods and services), less the f.o.b. value of imports of goods and services. [SNA 1993]",U.S. dollars,Billions,"See notes for:  Gross domestic product, current prices (National currency).",0.144,0.165,0.155,0.167,0.213,0.241,0.29,0.32,0.367,0.416,0.484,0.514,0.567,0.575,0.6,0.64,0.662,0.677,0.738,0.776,0.784,0.744,0.748,0.824,0.893,0.951,1.063,1.151,1.187,1.181,1.242,1.281,1.299,1.318,1.386,1.431,1.439,1.513,1.587,1.661,1.738,1.817,2014
364,VCT,NGDPD,St. Vincent and the Grenadines,"Gross domestic product, current prices","Values are based upon GDP in national currency converted to U.S. dollars using market exchange rates (yearly average). Exchange rate projections are provided by country economists for the group of other emerging market and developing countries. Exchanges rates for advanced economies are established in the WEO assumptions for each WEO exercise. Expenditure-based GDP is total final expenditures at purchasers? prices (including the f.o.b. value of exports of goods and services), less the f.o.b. value of imports of goods and services. [SNA 1993]",U.S. dollars,Billions,"See notes for:  Gross domestic product, current prices (National currency).",0.082,0.102,0.114,0.122,0.135,0.146,0.161,0.176,0.201,0.215,0.24,0.255,0.278,0.286,0.289,0.316,0.331,0.348,0.374,0.391,0.396,0.43,0.462,0.482,0.522,0.551,0.611,0.678,0.695,0.675,0.681,0.676,0.693,0.721,0.728,0.738,0.766,0.797,0.83,0.865,0.904,0.945,2015
732,SDN,NGDPD,Sudan,"Gross domestic product, current prices","Values are based upon GDP in national currency converted to U.S. dollars using market exchange rates (yearly average). Exchange rate projections are provided by country economists for the group of other emerging market and developing countries. Exchanges rates for advanced economies are established in the WEO assumptions for each WEO exercise. Expenditure-based GDP is total final expenditures at purchasers? prices (including the f.o.b. value of exports of goods and services), less the f.o.b. value of imports of goods and services. [SNA 1993]",U.S. dollars,Billions,"See notes for:  Gross domestic product, current prices (National currency).",9.902,7.109,5.169,7.06,8.701,6.039,8.056,13.025,10.398,18.347,2.444,2.752,3.375,5.712,6.49,7.288,9.12,11.742,11.308,10.676,12.257,13.182,14.803,17.645,21.457,26.524,35.82,45.897,54.526,53.145,65.622,67.22,62.647,65.507,71.081,81.444,94.297,112.519,130.146,149.697,172.828,198.631,2010
366,SUR,NGDPD,Suriname,"Gross domestic product, current prices","Values are based upon GDP in national currency converted to U.S. dollars using market exchange rates (yearly average). Exchange rate projections are provided by country economists for the group of other emerging market and developing countries. Exchanges rates for advanced economies are established in the WEO assumptions for each WEO exercise. Expenditure-based GDP is total final expenditures at purchasers? prices (including the f.o.b. value of exports of goods and services), less the f.o.b. value of imports of goods and services. [SNA 1993]",U.S. dollars,Billions,"See notes for:  Gross domestic product, current prices (National currency).",1.192,1.333,1.372,1.325,1.296,1.309,1.336,1.469,1.741,2.034,0.539,0.594,0.551,0.434,0.488,0.927,1.153,1.235,1.483,1.222,1.266,1.09,1.376,1.615,1.868,2.235,2.626,2.936,3.533,3.876,4.369,4.422,4.98,5.131,5.21,5.15,4.137,4.442,4.802,5.061,5.257,5.501,2014
734,SWZ,NGDPD,Swaziland,"Gross domestic product, current prices","Values are based upon GDP in national currency converted to U.S. dollars using market exchange rates (yearly average). Exchange rate projections are provided by country economists for the group of other emerging market and developing countries. Exchanges rates for advanced economies are established in the WEO assumptions for each WEO exercise. Expenditure-based GDP is total final expenditures at purchasers? prices (including the f.o.b. value of exports of goods and services), less the f.o.b. value of imports of goods and services. [SNA 1993]",U.S. dollars,Billions,"See notes for:  Gross domestic product, current prices (National currency).",1.074,1.076,1.027,1.114,0.939,0.671,0.724,0.967,0.976,0.983,1.229,1.277,1.417,1.488,1.612,1.921,1.819,1.945,1.786,1.753,1.729,1.543,1.423,2.19,2.838,3.178,3.234,3.393,3.266,3.594,4.54,4.969,4.913,4.565,4.416,4.025,3.43,3.494,3.548,3.61,3.685,3.754,2015
144,SWE,NGDPD,Sweden,"Gross domestic product, current prices","Values are based upon GDP in national currency converted to U.S. dollars using market exchange rates (yearly average). Exchange rate projections are provided by country economists for the group of other emerging market and developing countries. Exchanges rates for advanced economies are established in the WEO assumptions for each WEO exercise. Expenditure-based GDP is total final expenditures at purchasers? prices (including the f.o.b. value of exports of goods and services), less the f.o.b. value of imports of goods and services. [SNA 1993]",U.S. dollars,Billions,"See notes for:  Gross domestic product, current prices (National currency).",138.184,126.151,111.393,102.366,106.633,111.569,147.316,179.09,202.623,213.079,255.95,268.677,279.568,209.982,226.113,264.089,288.134,264.51,266.829,270.735,259.839,239.957,263.94,331.109,381.743,389.043,420.017,487.818,513.966,429.656,488.378,563.11,543.881,578.742,571.101,493.042,517.44,532.356,546.394,564.711,581.572,594.527,2015
146,CHE,NGDPD,Switzerland,"Gross domestic product, current prices","Values are based upon GDP in national currency converted to U.S. dollars using market exchange rates (yearly average). Exchange rate projections are provided by country economists for the group of other emerging market and developing countries. Exchanges rates for advanced economies are established in the WEO assumptions for each WEO exercise. Expenditure-based GDP is total final expenditures at purchasers? prices (including the f.o.b. value of exports of goods and services), less the f.o.b. value of imports of goods and services. [SNA 1993]",U.S. dollars,Billions,"See notes for:  Gross domestic product, current prices (National currency).",118.714,108.674,111.313,110.993,106.025,107.58,154.151,192.949,208.8,201.666,257.544,260.542,271.053,263.445,291.883,341.939,329.677,286.552,294.629,289.395,271.861,278.858,301.374,352.402,392.954,407.523,429.596,477.934,552.363,540.926,580.558,696.62,665.404,685.224,701.223,664.005,662.483,684.386,702.235,722.322,744.784,762.303,2015
463,SYR,NGDPD,Syria,"Gross domestic product, current prices","Values are based upon GDP in national currency converted to U.S. dollars using market exchange rates (yearly average). Exchange rate projections are provided by country economists for the group of other emerging market and developing countries. Exchanges rates for advanced economies are established in the WEO assumptions for each WEO exercise. Expenditure-based GDP is total final expenditures at purchasers? prices (including the f.o.b. value of exports of goods and services), less the f.o.b. value of imports of goods and services. [SNA 1993]",U.S. dollars,Billions,"See notes for:  Gross domestic product, current prices (National currency).",12.98,16.652,17.415,18.649,19.171,21.177,25.428,32.497,16.538,9.849,12.303,12.738,13.263,13.796,15.105,16.556,17.761,16.573,16.144,16.785,19.861,20.979,22.758,21.702,25.204,28.881,33.824,40.488,52.631,53.939,60.043,n/a,n/a,n/a,n/a,n/a,n/a,n/a,n/a,n/a,n/a,n/a,2010
528,TWN,NGDPD,Taiwan Province of China,"Gross domestic product, current prices","Values are based upon GDP in national currency converted to U.S. dollars using market exchange rates (yearly average). Exchange rate projections are provided by country economists for the group of other emerging market and developing countries. Exchanges rates for advanced economies are established in the WEO assumptions for each WEO exercise. Expenditure-based GDP is total final expenditures at purchasers? prices (including the f.o.b. value of exports of goods and services), less the f.o.b. value of imports of goods and services. [SNA 1993]",U.S. dollars,Billions,"See notes for:  Gross domestic product, current prices (National currency).",42.296,48.986,49.545,54.162,61.088,63.641,78.234,105.04,126.461,152.727,166.845,187.351,223.123,235.166,256.438,279.27,292.681,303.706,280.407,304.174,331.407,300.223,308.883,318.364,348.407,375.787,388.547,408.221,417.038,392.106,446.141,485.671,495.919,511.599,530.038,523.006,519.149,535.543,549.112,567.754,590.364,612.425,2015
923,TJK,NGDPD,Tajikistan,"Gross domestic product, current prices","Values are based upon GDP in national currency converted to U.S. dollars using market exchange rates (yearly average). Exchange rate projections are provided by country economists for the group of other emerging market and developing countries. Exchanges rates for advanced economies are established in the WEO assumptions for each WEO exercise. Expenditure-based GDP is total final expenditures at purchasers? prices (including the f.o.b. value of exports of goods and services), less the f.o.b. value of imports of goods and services. [SNA 1993]",U.S. dollars,Billions,"See notes for:  Gross domestic product, current prices (National currency).",n/a,n/a,n/a,n/a,n/a,n/a,n/a,n/a,n/a,n/a,n/a,n/a,0.291,0.678,0.829,0.569,1.052,1.121,1.32,1.087,0.991,1.057,1.212,1.555,2.073,2.311,2.811,3.712,5.135,4.977,5.642,6.523,7.592,8.506,9.242,7.816,6.612,6.848,7.226,7.784,8.443,9.165,2014
738,TZA,NGDPD,Tanzania,"Gross domestic product, current prices","Values are based upon GDP in national currency converted to U.S. dollars using market exchange rates (yearly average). Exchange rate projections are provided by country economists for the group of other emerging market and developing countries. Exchanges rates for advanced economies are established in the WEO assumptions for each WEO exercise. Expenditure-based GDP is total final expenditures at purchasers? prices (including the f.o.b. value of exports of goods and services), less the f.o.b. value of imports of goods and services. [SNA 1993]",U.S. dollars,Billions,"See notes for:  Gross domestic product, current prices (National currency).",7.412,8.865,10.178,10.425,9.485,8.558,10.82,5.331,5.124,4.343,3.43,4.031,3.7,3.412,3.627,4.251,5.311,6.415,9.454,11.624,12.423,12.743,13.216,14.178,15.547,16.93,18.61,21.502,27.368,28.574,31.086,33.583,39.088,44.414,48.256,45.634,46.695,50.475,55.053,59.902,65.065,70.652,2015
578,THA,NGDPD,Thailand,"Gross domestic product, current prices","Values are based upon GDP in national currency converted to U.S. dollars using market exchange rates (yearly average). Exchange rate projections are provided by country economists for the group of other emerging market and developing countries. Exchanges rates for advanced economies are established in the WEO assumptions for each WEO exercise. Expenditure-based GDP is total final expenditures at purchasers? prices (including the f.o.b. value of exports of goods and services), less the f.o.b. value of imports of goods and services. [SNA 1993]",U.S. dollars,Billions,"See notes for:  Gross domestic product, current prices (National currency).",33.422,35.999,37.799,41.366,43.179,40.185,44.52,52.204,63.704,74.637,88.467,101.247,115.576,128.89,146.684,169.279,183.035,150.18,113.676,126.669,126.392,120.297,134.301,152.281,172.895,189.318,221.759,262.943,291.383,281.575,340.924,370.608,397.291,419.889,404.32,395.297,390.592,403.64,417.385,436.467,457.212,482.311,2015
537,TLS,NGDPD,Timor-Leste,"Gross domestic product, current prices","Values are based upon GDP in national currency converted to U.S. dollars using market exchange rates (yearly average). Exchange rate projections are provided by country economists for the group of other emerging market and developing countries. Exchanges rates for advanced economies are established in the WEO assumptions for each WEO exercise. Expenditure-based GDP is total final expenditures at purchasers? prices (including the f.o.b. value of exports of goods and services), less the f.o.b. value of imports of goods and services. [SNA 1993]",U.S. dollars,Billions,"See notes for:  Gross domestic product, current prices (National currency).",n/a,n/a,n/a,n/a,n/a,n/a,n/a,n/a,n/a,n/a,n/a,n/a,n/a,n/a,n/a,n/a,n/a,n/a,n/a,n/a,0.444,0.494,0.483,0.503,1.102,1.846,2.819,2.903,4.487,3.391,4.267,5.973,6.809,5.641,4.175,2.874,2.501,2.672,2.873,2.962,3.096,3.199,2014
742,TGO,NGDPD,Togo,"Gross domestic product, current prices","Values are based upon GDP in national currency converted to U.S. dollars using market exchange rates (yearly average). Exchange rate projections are provided by country economists for the group of other emerging market and developing countries. Exchanges rates for advanced economies are established in the WEO assumptions for each WEO exercise. Expenditure-based GDP is total final expenditures at purchasers? prices (including the f.o.b. value of exports of goods and services), less the f.o.b. value of imports of goods and services. [SNA 1993]",U.S. dollars,Billions,"See notes for:  Gross domestic product, current prices (National currency).",1.046,0.869,0.732,0.703,0.62,0.676,1.061,1.249,1.514,1.486,1.789,1.768,1.854,1.413,1.095,1.446,1.581,1.61,1.524,1.529,1.299,1.334,1.481,1.677,1.94,2.117,2.221,2.527,3.174,3.171,3.179,3.759,3.918,4.352,4.612,4.169,4.52,4.896,5.26,5.636,6.054,6.434,2014
866,TON,NGDPD,Tonga,"Gross domestic product, current prices","Values are based upon GDP in national currency converted to U.S. dollars using market exchange rates (yearly average). Exchange rate projections are provided by country economists for the group of other emerging market and developing countries. Exchanges rates for advanced economies are established in the WEO assumptions for each WEO exercise. Expenditure-based GDP is total final expenditures at purchasers? prices (including the f.o.b. value of exports of goods and services), less the f.o.b. value of imports of goods and services. [SNA 1993]",U.S. dollars,Billions,"See notes for:  Gross domestic product, current prices (National currency).",0.074,0.082,0.081,0.08,0.084,0.079,0.094,0.101,0.119,0.144,0.148,0.177,0.184,0.19,0.196,0.211,0.229,0.227,0.219,0.2,0.191,0.182,0.192,0.215,0.245,0.278,0.297,0.324,0.333,0.343,0.395,0.447,0.461,0.446,0.439,0.429,0.43,0.446,0.466,0.488,0.509,0.53,2014
369,TTO,NGDPD,Trinidad and Tobago,"Gross domestic product, current prices","Values are based upon GDP in national currency converted to U.S. dollars using market exchange rates (yearly average). Exchange rate projections are provided by country economists for the group of other emerging market and developing countries. Exchanges rates for advanced economies are established in the WEO assumptions for each WEO exercise. Expenditure-based GDP is total final expenditures at purchasers? prices (including the f.o.b. value of exports of goods and services), less the f.o.b. value of imports of goods and services. [SNA 1993]",U.S. dollars,Billions,"See notes for:  Gross domestic product, current prices (National currency).",6.236,6.992,8.14,7.764,7.757,7.376,4.794,4.798,4.497,4.323,5.068,5.203,5.318,4.581,4.947,5.329,5.76,5.738,6.044,6.808,8.154,8.825,9.008,11.305,13.28,15.982,18.369,21.642,27.871,19.176,22.123,25.433,25.694,26.444,27.268,24.631,22.809,23.645,25.448,27.093,28.648,30.325,2012
744,TUN,NGDPD,Tunisia,"Gross domestic product, current prices","Values are based upon GDP in national currency converted to U.S. dollars using market exchange rates (yearly average). Exchange rate projections are provided by country economists for the group of other emerging market and developing countries. Exchanges rates for advanced economies are established in the WEO assumptions for each WEO exercise. Expenditure-based GDP is total final expenditures at purchasers? prices (including the f.o.b. value of exports of goods and services), less the f.o.b. value of imports of goods and services. [SNA 1993]",U.S. dollars,Billions,"See notes for:  Gross domestic product, current prices (National currency).",9.566,9.223,8.9,9.202,9.055,9.246,9.911,10.663,11.073,11.069,13.474,14.202,16.978,15.944,17.052,19.654,21.283,20.747,21.803,22.943,21.473,22.066,23.142,27.454,31.184,32.272,34.377,38.91,44.84,43.624,44.054,45.81,45.044,46.253,47.605,43.581,42.388,41.667,42.053,44.228,46.766,49.475,2014
186,TUR,NGDPD,Turkey,"Gross domestic product, current prices","Values are based upon GDP in national currency converted to U.S. dollars using market exchange rates (yearly average). Exchange rate projections are provided by country economists for the group of other emerging market and developing countries. Exchanges rates for advanced economies are established in the WEO assumptions for each WEO exercise. Expenditure-based GDP is total final expenditures at purchasers? prices (including the f.o.b. value of exports of goods and services), less the f.o.b. value of imports of goods and services. [SNA 1993]",U.S. dollars,Billions,"See notes for:  Gross domestic product, current prices (National currency).",94.258,95.496,86.766,82.911,80.642,90.58,100.483,115.898,121.901,144.085,202.247,203.491,213.783,242.468,174.99,227.81,244.386,255.647,269.528,250.334,266.671,196.057,232.45,303.123,392.233,482.737,529.278,646.425,730.628,614.389,731.539,774.729,788.605,823.025,798.7,717.932,735.716,769.474,811.927,860.991,912.534,964.838,2015
925,TKM,NGDPD,Turkmenistan,"Gross domestic product, current prices","Values are based upon GDP in national currency converted to U.S. dollars using market exchange rates (yearly average). Exchange rate projections are provided by country economists for the group of other emerging market and developing countries. Exchanges rates for advanced economies are established in the WEO assumptions for each WEO exercise. Expenditure-based GDP is total final expenditures at purchasers? prices (including the f.o.b. value of exports of goods and services), less the f.o.b. value of imports of goods and services. [SNA 1993]",U.S. dollars,Billions,"See notes for:  Gross domestic product, current prices (National currency).",n/a,n/a,n/a,n/a,n/a,n/a,n/a,n/a,n/a,n/a,n/a,n/a,0.951,5.363,4.542,5.874,2.379,2.681,2.862,3.857,5.022,6.933,8.7,11.424,14.196,17.174,21.393,25.962,21.516,20.214,22.148,29.233,35.164,41.572,46.222,35.855,36.573,39.576,42.153,44.973,48.081,51.519,2015
869,TUV,NGDPD,Tuvalu,"Gross domestic product, current prices","Values are based upon GDP in national currency converted to U.S. dollars using market exchange rates (yearly average). Exchange rate projections are provided by country economists for the group of other emerging market and developing countries. Exchanges rates for advanced economies are established in the WEO assumptions for each WEO exercise. Expenditure-based GDP is total final expenditures at purchasers? prices (including the f.o.b. value of exports of goods and services), less the f.o.b. value of imports of goods and services. [SNA 1993]",U.S. dollars,Billions,"See notes for:  Gross domestic product, current prices (National currency).",n/a,n/a,n/a,n/a,n/a,n/a,n/a,n/a,n/a,n/a,n/a,n/a,n/a,n/a,n/a,n/a,n/a,n/a,n/a,n/a,0.014,0.013,0.016,0.018,0.022,0.022,0.023,0.027,0.031,0.028,0.032,0.039,0.04,0.038,0.037,0.033,0.032,0.034,0.035,0.036,0.038,0.039,2012
746,UGA,NGDPD,Uganda,"Gross domestic product, current prices","Values are based upon GDP in national currency converted to U.S. dollars using market exchange rates (yearly average). Exchange rate projections are provided by country economists for the group of other emerging market and developing countries. Exchanges rates for advanced economies are established in the WEO assumptions for each WEO exercise. Expenditure-based GDP is total final expenditures at purchasers? prices (including the f.o.b. value of exports of goods and services), less the f.o.b. value of imports of goods and services. [SNA 1993]",U.S. dollars,Billions,"See notes for:  Gross domestic product, current prices (National currency).",5.769,9.341,6.481,7.413,5.703,5.219,5.199,8.384,8.685,7.041,5.743,3.004,2.809,3.323,4.809,5.76,5.944,6.48,6.343,6.029,5.978,6.039,6.494,6.724,8.285,9.603,10.851,13.497,17.279,18.579,20.212,21.108,24.62,25.596,27.519,24.312,25.613,27.643,29.723,32.06,35.206,36.888,2014
926,UKR,NGDPD,Ukraine,"Gross domestic product, current prices","Values are based upon GDP in national currency converted to U.S. dollars using market exchange rates (yearly average). Exchange rate projections are provided by country economists for the group of other emerging market and developing countries. Exchanges rates for advanced economies are established in the WEO assumptions for each WEO exercise. Expenditure-based GDP is total final expenditures at purchasers? prices (including the f.o.b. value of exports of goods and services), less the f.o.b. value of imports of goods and services. [SNA 1993]",U.S. dollars,Billions,"See notes for:  Gross domestic product, current prices (National currency).",n/a,n/a,n/a,n/a,n/a,n/a,n/a,n/a,n/a,n/a,n/a,n/a,22.193,35.025,38.012,38.275,46.083,51.867,43.315,32.661,32.331,39.309,43.956,52.01,67.226,89.282,111.885,148.734,188.24,121.552,136.011,163.161,175.707,179.572,132.343,90.524,87.198,95.297,104.897,114.525,125.257,136.998,2015
466,ARE,NGDPD,United Arab Emirates,"Gross domestic product, current prices","Values are based upon GDP in national currency converted to U.S. dollars using market exchange rates (yearly average). Exchange rate projections are provided by country economists for the group of other emerging market and developing countries. Exchanges rates for advanced economies are established in the WEO assumptions for each WEO exercise. Expenditure-based GDP is total final expenditures at purchasers? prices (including the f.o.b. value of exports of goods and services), less the f.o.b. value of imports of goods and services. [SNA 1993]",U.S. dollars,Billions,"See notes for:  Gross domestic product, current prices (National currency).",40.415,45.002,41.848,38.345,38.012,37.31,29.568,32.466,32.999,38.09,49.09,49.821,52.208,53.438,57.45,63.637,70.991,76.202,73.394,82.865,103.893,103.312,109.816,124.346,147.824,180.617,222.117,257.916,315.475,253.547,286.187,348.528,373.432,388.598,401.958,370.296,375.022,407.571,434.812,463.416,496.92,531.031,2014
112,GBR,NGDPD,United Kingdom,"Gross domestic product, current prices","Values are based upon GDP in national currency converted to U.S. dollars using market exchange rates (yearly average). Exchange rate projections are provided by country economists for the group of other emerging market and developing countries. Exchanges rates for advanced economies are established in the WEO assumptions for each WEO exercise. Expenditure-based GDP is total final expenditures at purchasers? prices (including the f.o.b. value of exports of goods and services), less the f.o.b. value of imports of goods and services. [SNA 1993]",U.S. dollars,Billions,"See notes for:  Gross domestic product, current prices (National currency).",601.137,583.732,554.386,528.343,500.503,534.244,651.399,807.381,982.793,999.357,"1,183.00","1,235.09","1,273.73","1,139.20","1,220.82","1,320.62","1,394.48","1,537.56","1,623.79","1,652.54","1,638.70","1,613.59","1,760.45","2,030.63","2,390.27","2,511.17","2,682.21","3,064.35","2,898.94","2,377.16","2,431.17","2,611.11","2,655.46","2,721.49","3,002.39","2,858.48","2,649.89","2,609.91","2,709.19","2,814.26","2,927.64","3,022.20",2015
111,USA,NGDPD,United States,"Gross domestic product, current prices","Values are based upon GDP in national currency converted to U.S. dollars using market exchange rates (yearly average). Exchange rate projections are provided by country economists for the group of other emerging market and developing countries. Exchanges rates for advanced economies are established in the WEO assumptions for each WEO exercise. Expenditure-based GDP is total final expenditures at purchasers? prices (including the f.o.b. value of exports of goods and services), less the f.o.b. value of imports of goods and services. [SNA 1993]",U.S. dollars,Billions,"See notes for:  Gross domestic product, current prices (National currency).","2,862.48","3,210.95","3,345.00","3,638.13","4,040.70","4,346.75","4,590.13","4,870.23","5,252.63","5,657.70","5,979.58","6,174.05","6,539.30","6,878.70","7,308.78","7,664.05","8,100.18","8,608.53","9,089.15","9,660.63","10,284.75","10,621.83","10,977.53","11,510.68","12,274.93","13,093.70","13,855.90","14,477.63","14,718.58","14,418.73","14,964.40","15,517.93","16,155.25","16,691.50","17,393.10","18,036.65","18,561.93","19,377.20","20,250.83","21,104.77","21,926.51","22,766.78",2015
298,URY,NGDPD,Uruguay,"Gross domestic product, current prices","Values are based upon GDP in national currency converted to U.S. dollars using market exchange rates (yearly average). Exchange rate projections are provided by country economists for the group of other emerging market and developing countries. Exchanges rates for advanced economies are established in the WEO assumptions for each WEO exercise. Expenditure-based GDP is total final expenditures at purchasers? prices (including the f.o.b. value of exports of goods and services), less the f.o.b. value of imports of goods and services. [SNA 1993]",U.S. dollars,Billions,"See notes for:  Gross domestic product, current prices (National currency).",11.199,12.499,10.218,5.609,5.334,5.212,6.47,8.095,8.375,8.827,10.27,12.376,14.223,16.568,19.299,21.312,22.657,23.974,25.394,23.995,22.832,20.907,13.632,12.067,13.708,17.398,19.62,23.461,30.366,31.661,40.285,47.962,51.266,57.531,57.236,53.107,54.374,58.145,61.535,65.275,69.002,72.974,2014
927,UZB,NGDPD,Uzbekistan,"Gross domestic product, current prices","Values are based upon GDP in national currency converted to U.S. dollars using market exchange rates (yearly average). Exchange rate projections are provided by country economists for the group of other emerging market and developing countries. Exchanges rates for advanced economies are established in the WEO assumptions for each WEO exercise. Expenditure-based GDP is total final expenditures at purchasers? prices (including the f.o.b. value of exports of goods and services), less the f.o.b. value of imports of goods and services. [SNA 1993]",U.S. dollars,Billions,"See notes for:  Gross domestic product, current prices (National currency).",n/a,n/a,n/a,n/a,n/a,n/a,n/a,n/a,n/a,n/a,n/a,n/a,3.571,5.502,6.521,10.168,13.922,14.705,14.948,17.041,13.717,11.632,9.657,10.129,12.001,14.31,17.027,22.307,28.605,33.461,38.963,45.418,51.185,57.17,63.179,65.503,66.797,67.139,70.848,74.868,79.38,83.806,2014
846,VUT,NGDPD,Vanuatu,"Gross domestic product, current prices","Values are based upon GDP in national currency converted to U.S. dollars using market exchange rates (yearly average). Exchange rate projections are provided by country economists for the group of other emerging market and developing countries. Exchanges rates for advanced economies are established in the WEO assumptions for each WEO exercise. Expenditure-based GDP is total final expenditures at purchasers? prices (including the f.o.b. value of exports of goods and services), less the f.o.b. value of imports of goods and services. [SNA 1993]",U.S. dollars,Billions,"See notes for:  Gross domestic product, current prices (National currency).",0.121,0.114,0.114,0.117,0.144,0.132,0.128,0.139,0.158,0.154,0.169,0.201,0.209,0.2,0.234,0.249,0.261,0.273,0.262,0.268,0.272,0.258,0.263,0.314,0.365,0.395,0.439,0.526,0.608,0.61,0.701,0.792,0.782,0.802,0.815,0.738,0.773,0.829,0.886,0.944,1,1.06,2014
299,VEN,NGDPD,Venezuela,"Gross domestic product, current prices","Values are based upon GDP in national currency converted to U.S. dollars using market exchange rates (yearly average). Exchange rate projections are provided by country economists for the group of other emerging market and developing countries. Exchanges rates for advanced economies are established in the WEO assumptions for each WEO exercise. Expenditure-based GDP is total final expenditures at purchasers? prices (including the f.o.b. value of exports of goods and services), less the f.o.b. value of imports of goods and services. [SNA 1993]",U.S. dollars,Billions,"See notes for:  Gross domestic product, current prices (National currency).",69.841,78.367,79.998,79.672,57.826,59.865,60.877,46.854,60.378,44.672,48.391,53.382,60.4,59.865,58.357,77.427,70.536,85.667,91.905,97.239,117.676,123.156,95.57,83.67,112.189,143.29,177.531,221.817,289.741,237.294,294.282,334.069,331.457,228.017,215.296,260.089,333.715,314.103,210.164,198.041,192.75,194.126,2013
582,VNM,NGDPD,Vietnam,"Gross domestic product, current prices","Values are based upon GDP in national currency converted to U.S. dollars using market exchange rates (yearly average). Exchange rate projections are provided by country economists for the group of other emerging market and developing countries. Exchanges rates for advanced economies are established in the WEO assumptions for each WEO exercise. Expenditure-based GDP is total final expenditures at purchasers? prices (including the f.o.b. value of exports of goods and services), less the f.o.b. value of imports of goods and services. [SNA 1993]",U.S. dollars,Billions,"See notes for:  Gross domestic product, current prices (National currency).",27.847,13.875,18.405,27.726,48.177,14.999,33.873,42.045,23.234,6.293,6.472,7.642,9.867,13.181,16.312,20.798,24.692,26.892,27.234,28.702,31.176,32.524,35.097,39.563,49.52,57.648,66.393,77.52,98.269,101.634,112.771,134.598,155.565,170.565,185.897,191.454,200.493,215.919,234.189,254.324,275.762,299.346,2015
474,YEM,NGDPD,Yemen,"Gross domestic product, current prices","Values are based upon GDP in national currency converted to U.S. dollars using market exchange rates (yearly average). Exchange rate projections are provided by country economists for the group of other emerging market and developing countries. Exchanges rates for advanced economies are established in the WEO assumptions for each WEO exercise. Expenditure-based GDP is total final expenditures at purchasers? prices (including the f.o.b. value of exports of goods and services), less the f.o.b. value of imports of goods and services. [SNA 1993]",U.S. dollars,Billions,"See notes for:  Gross domestic product, current prices (National currency).",n/a,n/a,n/a,n/a,n/a,n/a,n/a,n/a,n/a,n/a,12.644,14.665,17.959,21.737,28.019,12.796,6.496,6.838,6.322,7.639,9.679,9.853,10.693,11.778,13.868,16.732,19.063,21.651,26.911,25.13,30.907,32.726,35.401,40.415,43.229,37.734,31.326,37.307,41.797,45.333,49.041,52.594,2008
754,ZMB,NGDPD,Zambia,"Gross domestic product, current prices","Values are based upon GDP in national currency converted to U.S. dollars using market exchange rates (yearly average). Exchange rate projections are provided by country economists for the group of other emerging market and developing countries. Exchanges rates for advanced economies are established in the WEO assumptions for each WEO exercise. Expenditure-based GDP is total final expenditures at purchasers? prices (including the f.o.b. value of exports of goods and services), less the f.o.b. value of imports of goods and services. [SNA 1993]",U.S. dollars,Billions,"See notes for:  Gross domestic product, current prices (National currency).",4.246,4.385,4.232,3.653,3.003,2.848,1.962,2.431,4.095,4.365,4.085,3.69,3.614,3.549,3.657,3.799,3.599,4.303,3.538,3.405,3.601,4.094,4.194,4.902,6.221,8.332,12.757,14.057,17.911,15.328,20.265,23.46,25.503,28.046,27.135,21.913,20.574,20.916,22.207,24.112,26.2,28.437,2014
698,ZWE,NGDPD,Zimbabwe,"Gross domestic product, current prices","Values are based upon GDP in national currency converted to U.S. dollars using market exchange rates (yearly average). Exchange rate projections are provided by country economists for the group of other emerging market and developing countries. Exchanges rates for advanced economies are established in the WEO assumptions for each WEO exercise. Expenditure-based GDP is total final expenditures at purchasers? prices (including the f.o.b. value of exports of goods and services), less the f.o.b. value of imports of goods and services. [SNA 1993]",U.S. dollars,Billions,"See notes for:  Gross domestic product, current prices (National currency).",n/a,n/a,n/a,n/a,n/a,n/a,n/a,n/a,n/a,n/a,8.78,8.18,6.746,6.552,6.889,7.152,8.758,8.99,10.572,10.275,9.896,9.743,9.294,8.196,8.135,7.753,7.18,6.946,5.949,8.157,9.445,10.956,12.472,13.49,14.197,14.17,14.193,14.556,15.025,15.525,16.072,16.661,2013
,,,,,,,,,,,,,,,,,,,,,,,,,,,,,,,,,,,,,,,,,,,,,,,,,,,
"International Monetary Fund, World Economic Outlook Database, October 2016",,,,,,,,,,,,,,,,,,,,,,,,,,,,,,,,,,,,,,,,,,,,,,,,,,,
